"uid","username","first_changeset_with_hashtag","latest_changeset_with_hashtag","changesets_with_hashtag","total_changes"
"11187564","RwenzoriRange","2020-06-04 05:08:22.000","2020-07-17 12:01:28.000","312","34395"
"10892484","CuillinHills","2020-06-01 04:55:08.000","2020-07-17 11:50:07.000","661","93356"
"10653144","CopleySquare","2020-06-01 05:40:38.000","2020-07-17 14:14:38.000","609","105162"
"8901620","Anacostan","2020-06-01 08:07:03.000","2020-07-17 14:39:10.000","155","2748"
"10210136","GaziBaba","2020-06-01 07:43:22.000","2020-07-17 13:54:15.000","95","1201"
"10888725","AoosVjosee","2020-06-01 05:29:47.000","2020-06-30 11:59:44.000","9","406"
"11459629","chenluli","2020-07-08 06:05:58.000","2020-07-08 06:11:54.000","5","27"
"10210179","Vindhallow","2020-06-01 06:54:35.000","2020-07-17 12:54:41.000","267","25739"
"11387835","StikineIcefield","2020-07-13 06:19:30.000","2020-07-17 11:25:40.000","32","3032"
"11187572","IllerRiver","2020-06-03 04:56:39.000","2020-07-17 10:10:19.000","280","51438"
"10334749","Geirangerfjord","2020-06-01 11:26:25.000","2020-07-17 13:15:20.000","161","7066"
"9625494","Sodermalm","2020-06-01 04:34:56.000","2020-07-17 06:21:58.000","193","29864"
"10811265","MagazineStreet","2020-06-01 05:06:08.000","2020-06-26 11:17:58.000","337","64012"
"11465334","Valuina","2020-07-09 06:43:43.000","2020-07-09 07:20:29.000","5","76"
"10811197","CapDesPalmes","2020-06-01 05:36:54.000","2020-07-17 12:03:10.000","642","60712"
"10529457","HarrisonSpring","2020-07-02 12:11:57.000","2020-07-17 09:48:54.000","138","15457"
"8794042","voyagerRB","2020-06-01 06:03:19.000","2020-07-17 13:45:05.000","422","21809"
"9461073","Cumin_bean","2020-05-29 22:18:57.000","2020-07-13 18:23:07.000","25","241"
"11198894","xuanhong","2020-05-18 03:28:15.000","2020-05-18 03:28:15.000","1","152"
"10811041","Kerguelen2","2020-06-01 08:10:17.000","2020-07-17 11:19:03.000","211","6332"
"8976477","Trastevere","2020-06-01 05:41:47.000","2020-07-17 12:43:01.000","452","38964"
"11100178","Congshi","2020-05-18 03:25:39.000","2020-05-26 08:56:33.000","6","1761"
"10626044","v_madhu","2020-06-03 04:15:33.000","2020-06-03 04:46:25.000","3","154"
"10409685","LacDeYate","2020-06-01 04:50:15.000","2020-07-17 12:20:11.000","578","51658"
"10529478","FluteButte","2020-06-01 05:50:18.000","2020-07-17 12:12:27.000","385","56536"
"10210151","BayRidge","2020-06-01 05:11:49.000","2020-07-16 13:40:05.000","762","96503"
"10210112","EuljiRo","2020-06-01 10:40:54.000","2020-07-17 07:20:26.000","202","15827"
"10811276","IjRiver","2020-06-01 06:06:26.000","2020-07-17 09:07:15.000","651","120518"
"8976529","Taxila","2020-06-01 05:48:48.000","2020-07-17 13:53:16.000","335","30702"
"10782400","Coffees_and_Mappys","2020-05-26 18:20:19.000","2020-07-10 19:18:57.000","511","30120"
"10019188","Karlinbach","2020-06-01 10:49:01.000","2020-07-17 11:57:13.000","299","6399"
"10210147","Lipscani","2020-06-01 05:38:52.000","2020-07-17 13:04:58.000","462","35468"
"10228237","EarlEBird","2020-05-26 18:38:26.000","2020-07-17 22:15:24.000","677","15860"
"11225837","wheredamapsat","2020-05-26 18:56:45.000","2020-07-17 23:30:48.000","186","23957"
"10782412","Suny2020","2020-05-27 17:19:44.000","2020-07-18 00:50:15.000","505","11666"
"10409646","LeutascherAche","2020-06-01 04:39:13.000","2020-07-17 11:12:11.000","544","53024"
"9090075","Pamir20","2020-06-01 13:01:06.000","2020-07-16 14:12:41.000","36","398"
"11129831","MaheshBhatkar","2020-05-05 09:42:49.000","2020-07-09 07:05:54.000","7","88"
"11244383","cxn","2020-05-26 07:10:39.000","2020-05-26 08:15:09.000","35","460"
"11465341","hlum","2020-07-09 06:41:21.000","2020-07-09 07:51:27.000","19","858"
"10529464","Karoo02","2020-06-01 07:45:05.000","2020-07-17 12:47:38.000","526","62114"
"9535159","CharcoVerde","2020-06-01 08:06:00.000","2020-07-15 14:56:08.000","77","2057"
"10782355","Julebox","2020-05-26 19:15:04.000","2020-07-18 00:50:24.000","299","17815"
"9225253","MtRainier","2020-06-01 05:59:48.000","2020-07-13 13:09:43.000","657","71197"
"8392680","MargoKat","2020-05-28 23:06:16.000","2020-06-25 23:51:57.000","5","149"
"8484034","movie_fan_sal","2020-06-01 06:29:09.000","2020-07-17 11:36:03.000","361","22647"
"10529612","Dorsoduro","2020-06-01 04:56:20.000","2020-07-17 11:47:34.000","495","65948"
"10210141","KiselaVoda","2020-06-01 05:14:31.000","2020-07-17 13:46:35.000","1038","109440"
"10892450","Tinee2","2020-06-01 04:46:39.000","2020-07-17 11:29:16.000","661","66225"
"9320682","BeagleChannel","2020-06-01 10:57:39.000","2020-07-17 10:50:16.000","237","10588"
"10652864","AmalfiCoast","2020-06-01 06:20:32.000","2020-07-17 09:44:23.000","105","1975"
"8976546","upendraK","2020-06-08 07:05:12.000","2020-07-17 13:19:52.000","13","47"
"10529333","Boipeda","2020-07-02 06:21:19.000","2020-07-17 11:11:46.000","248","23621"
"10074494","Iguacu","2020-06-01 04:42:56.000","2020-07-17 13:29:30.000","535","87742"
"9625508","Tyrifjorden","2020-06-01 07:04:00.000","2020-07-17 13:43:28.000","238","5822"
"8794109","MTruns","2020-06-13 12:10:01.000","2020-06-13 12:52:42.000","3","61"
"9090230","RossSea","2020-06-01 06:13:11.000","2020-07-17 11:03:50.000","544","40961"
"11225848","madsforwhat","2020-05-29 23:05:52.000","2020-07-17 23:21:09.000","467","51833"
"7294560","ruggs","2020-06-24 20:35:32.000","2020-07-16 18:17:00.000","23","1875"
"10935662","Waffleboy","2020-05-26 18:43:42.000","2020-07-10 20:41:39.000","742","39489"
"10461107","BeckleyBog","2020-06-03 04:21:59.000","2020-06-19 12:03:02.000","579","66447"
"7629867","round_the_world","2020-06-09 03:46:51.000","2020-06-18 06:19:14.000","291","6917"
"10734568","hima_ja","2020-06-03 04:40:03.000","2020-06-03 04:40:03.000","1","19"
"11455880","edmundpoh","2020-07-08 06:00:22.000","2020-07-12 07:31:04.000","10","3166"
"10652932","Georgestown","2020-06-01 03:47:53.000","2020-07-17 12:14:57.000","1481","132261"
"9090156","Finisterre","2020-06-01 07:11:43.000","2020-07-17 12:18:50.000","275","10936"
"9225348","CentralWestEnd","2020-06-01 06:03:28.000","2020-07-17 08:22:37.000","207","3614"
"8794031","bunty_6","2020-06-01 06:06:43.000","2020-07-17 12:26:23.000","348","14182"
"10652799","AlQuoz","2020-06-05 09:47:46.000","2020-07-17 12:10:59.000","289","45699"
"10811018","CalleLaRonda","2020-06-01 05:19:07.000","2020-07-17 10:35:48.000","143","41718"
"11187469","MontaltoAlps","2020-06-03 06:43:31.000","2020-07-15 11:08:34.000","476","59699"
"10461072","BinghamPond","2020-06-01 04:38:41.000","2020-07-17 12:34:53.000","943","51488"
"9447012","Popolopen","2020-06-01 05:07:13.000","2020-07-17 10:33:46.000","484","61206"
"9388995","TsangpoGorge","2020-06-01 05:15:57.000","2020-07-17 11:07:11.000","213","178525"
"8901564","Kuskokwim","2020-06-01 11:10:30.000","2020-07-17 06:43:20.000","21","266"
"7774118","RiverBearings","2020-05-27 00:46:27.000","2020-07-10 08:04:33.000","392","13927"
"10334837","Liming00","2020-06-08 10:16:28.000","2020-06-12 10:42:15.000","14","682"
"11465352","xuanyan0719","2020-07-09 06:41:02.000","2020-07-09 07:52:52.000","6","373"
"10529506","Jordaan23","2020-06-01 04:33:08.000","2020-07-17 11:47:31.000","403","52086"
"10892488","Nesque7","2020-06-01 05:05:43.000","2020-07-17 12:07:17.000","701","118015"
"10409670","LakeVelence","2020-06-01 06:47:09.000","2020-07-17 09:24:23.000","725","71638"
"10811152","Albacin","2020-06-03 04:15:36.000","2020-07-17 08:35:43.000","444","51997"
"10461136","Uluwatu0","2020-06-01 04:29:44.000","2020-07-17 11:10:11.000","545","62737"
"9090220","ClingmansDome","2020-06-01 12:00:34.000","2020-07-17 13:15:48.000","154","2404"
"7526668","WingardiumMapiosa","2020-06-01 16:47:20.000","2020-07-17 18:53:47.000","241","27690"
"9320720","LanusOeste","2020-06-01 05:18:41.000","2020-07-03 06:44:41.000","28","272"
"6095805","FlyTy","2020-05-26 18:16:35.000","2020-06-19 22:58:15.000","13","3433"
"10892549","NanMadol","2020-06-03 07:02:04.000","2020-07-17 11:18:55.000","230","6499"
"10461185","Talampaya","2020-06-01 06:46:34.000","2020-07-16 16:00:54.000","1186","49157"
"10529216","AlaskanWay","2020-06-16 08:14:23.000","2020-06-16 08:14:23.000","1","5"
"11459230","ziluniu","2020-07-08 05:43:01.000","2020-07-08 07:18:59.000","16","1162"
"10529475","Cloudbreak","2020-06-01 11:17:16.000","2020-07-17 10:27:00.000","198","17543"
"10529658","Guanabacoa","2020-06-01 08:43:01.000","2020-07-17 11:43:05.000","539","90629"
"10892453","Chesapeake","2020-06-04 05:14:17.000","2020-07-17 11:44:29.000","170","4863"
"8392769","PaintItRed","2020-06-01 10:11:05.000","2020-07-13 14:07:29.000","24","250"
"11414582","ChamilkaU","2020-07-09 06:58:53.000","2020-07-09 07:22:12.000","4","65"
"10353523","AlumRock","2020-06-01 07:12:11.000","2020-07-17 10:05:25.000","506","24389"
"10888840","Skiddaw","2020-06-01 04:40:41.000","2020-07-17 11:50:31.000","518","67175"
"9625574","Eckington","2020-06-01 10:34:27.000","2020-07-17 14:45:09.000","72","1560"
"10019249","MurchisonFalls","2020-06-03 10:42:02.000","2020-07-17 05:41:11.000","47","449"
"10778897","Hightide10","2020-05-26 18:32:51.000","2020-07-17 22:01:01.000","364","25929"
"8794050","MapsAndMarinates","2020-06-01 04:13:37.000","2020-07-17 07:50:19.000","269","7512"
"9090054","RubAlKhali","2020-06-01 13:08:07.000","2020-07-17 11:48:21.000","173","1443"
"11244370","Wayne Ong","2020-05-26 07:08:30.000","2020-05-26 08:53:39.000","5","873"
"10892439","Svalbard9","2020-06-01 04:37:59.000","2020-07-17 11:13:12.000","530","48214"
"10653251","Bamiyan","2020-06-01 06:11:47.000","2020-07-17 12:29:15.000","660","50665"
"10892443","Grand5Banks","2020-06-01 06:04:00.000","2020-07-17 06:53:21.000","423","45645"
"9461104","Kastchei","2020-05-26 20:01:59.000","2020-07-17 23:41:16.000","254","6970"
"10778905","Pakuhi_Ahi","2020-05-26 21:27:16.000","2020-07-17 23:32:32.000","463","36549"
"10409625","LizardHeadPeak","2020-06-01 06:44:36.000","2020-07-17 10:26:00.000","467","51737"
"8484031","hypermee","2020-06-01 06:22:08.000","2020-07-01 05:23:47.000","150","6862"
"10888688","CranaeIsland","2020-06-01 10:13:24.000","2020-06-04 11:18:34.000","7","137"
"8901614","Zugspitze92","2020-06-04 08:29:42.000","2020-06-25 08:56:24.000","11","55"
"11244331","salih129","2020-05-26 08:27:50.000","2020-05-26 08:27:50.000","1","1213"
"8976512","NorthernLiberties","2020-06-23 04:59:21.000","2020-06-23 05:04:51.000","5","23"
"10652874","BlueLagoon2","2020-06-01 05:34:59.000","2020-07-17 12:26:34.000","908","95789"
"9625501","Kungstradgarden","2020-06-01 12:59:40.000","2020-07-17 14:23:00.000","104","1875"
"9225258","PlazaBaquedano","2020-06-01 04:55:16.000","2020-07-17 12:43:26.000","461","54922"
"10409676","KwaMakhutha","2020-06-03 05:07:21.000","2020-07-17 11:57:24.000","1157","61284"
"10811088","NuupKangerlua","2020-06-03 05:17:51.000","2020-07-17 11:30:16.000","369","78684"
"10142228","SummitLake","2020-06-01 05:24:32.000","2020-07-17 11:11:14.000","696","84079"
"9202949","Roolet","2020-05-26 18:39:27.000","2020-07-18 00:00:48.000","338","19852"
"9090066","CapeGrisNez","2020-06-01 10:03:46.000","2020-07-17 13:57:51.000","90","2678"
"9320535","Shibuya18","2020-06-01 07:59:47.000","2020-07-17 08:35:13.000","29","332"
"9225383","Kanchenjunga","2020-06-01 10:07:11.000","2020-07-10 09:13:19.000","249","3612"
"7449647","Brat_43","2020-06-01 08:04:01.000","2020-06-18 04:39:12.000","233","3537"
"10782364","HollyDay","2020-05-26 18:47:42.000","2020-07-08 18:35:58.000","315","21753"
"10653115","FairmountPark","2020-06-01 04:10:19.000","2020-07-17 11:35:49.000","1249","87132"
"10652994","GangnamDistrict","2020-06-01 05:08:39.000","2020-07-17 11:29:24.000","644","75251"
"10653302","HangingLake","2020-06-01 07:29:58.000","2020-07-17 14:05:34.000","607","51735"
"9535285","DanaeBrookCanyon","2020-06-01 08:03:08.000","2020-07-17 09:39:25.000","226","10366"
"11187683","KekovaIsland","2020-06-03 06:51:54.000","2020-07-17 07:56:25.000","114","51308"
"10228232","SergiNavas16","2020-05-26 19:40:32.000","2020-07-18 01:35:19.000","548","21194"
"6095772","cartogram","2020-05-29 22:43:23.000","2020-07-15 19:21:48.000","38","1796"
"11399645","Funsea25","2020-07-03 22:07:23.000","2020-07-03 22:07:23.000","1","164"
"9447062","Tubbataha","2020-06-01 04:55:54.000","2020-07-17 08:12:53.000","836","75715"
"10461122","Zagyva","2020-06-01 05:22:32.000","2020-07-17 11:51:59.000","754","106546"
"9446941","Scioto","2020-06-01 04:19:37.000","2020-07-17 10:28:20.000","1040","94868"
"8710023","cuemapper","2020-06-01 02:34:29.000","2020-07-15 11:35:40.000","24","640"
"11414884","Geeth_R","2020-07-03 06:52:27.000","2020-07-08 05:49:11.000","3","16"
"11459619","Sarahkwek","2020-07-08 06:39:38.000","2020-07-08 06:48:29.000","2","683"
"9535062","IleDeLaTortue","2020-06-01 04:32:22.000","2020-07-17 12:44:56.000","1394","123498"
"11187437","EtenIsland","2020-06-17 03:55:36.000","2020-07-14 10:41:03.000","32","3708"
"9446976","Holston","2020-06-01 06:44:58.000","2020-07-17 12:10:02.000","218","12640"
"11073774","ConnorMaps","2020-05-26 18:40:27.000","2020-07-18 00:02:17.000","536","51318"
"9225250","BalconesEscarpment","2020-06-01 06:13:17.000","2020-07-17 07:37:29.000","245","10787"
"10529336","Breithorn","2020-06-01 04:14:31.000","2020-07-18 07:16:58.000","427","54049"
"11387704","QueensPark","2020-07-13 05:50:14.000","2020-07-17 10:37:04.000","70","8365"
"10810982","KaruraForest","2020-06-01 04:25:14.000","2020-07-17 11:41:09.000","1105","128639"
"10888785","BarwonRiver","2020-06-01 06:00:40.000","2020-07-17 11:57:45.000","384","57068"
"9625546","Wynwood","2020-06-01 06:13:52.000","2020-07-17 12:06:05.000","285","57282"
"10210200","VashonVashoff","2020-06-01 09:36:38.000","2020-07-17 10:18:42.000","174","6056"
"11225886","mullica_q","2020-05-29 22:53:18.000","2020-07-17 22:42:54.000","411","69408"
"11187768","VolgaDonCanal","2020-06-03 04:55:12.000","2020-07-17 11:47:47.000","250","37144"
"11244311","Shi Ling","2020-05-26 07:13:56.000","2020-05-26 07:56:41.000","26","148"
"11459061","QIUZHONG","2020-07-08 05:45:19.000","2020-07-08 06:52:30.000","13","968"
"10278878","SarekPark","2020-06-01 04:46:41.000","2020-07-17 11:51:49.000","713","58725"
"10074528","McMurd0Station","2020-06-01 05:30:36.000","2020-07-17 11:20:41.000","566","55586"
"10334758","Chagodoshcha","2020-06-01 08:01:39.000","2020-07-17 05:45:12.000","427","16515"
"9389012","MarcyAve","2020-06-01 04:43:53.000","2020-07-17 10:46:38.000","871","61284"
"10653292","BelleIsle","2020-06-01 05:21:54.000","2020-07-17 12:03:10.000","943","76766"
"9847848","Guadiana","2020-06-01 06:16:40.000","2020-07-17 12:54:25.000","939","74071"
"10210124","Podil","2020-06-01 05:06:03.000","2020-07-17 12:16:19.000","748","106158"
"9090204","SutroTower","2020-06-03 09:07:24.000","2020-07-16 13:17:35.000","161","37781"
"10811187","Kalixalven","2020-06-01 05:30:40.000","2020-07-17 08:23:04.000","408","50723"
"10892562","Szrenica","2020-06-01 05:41:29.000","2020-07-17 06:27:21.000","466","43575"
"10019169","Ometepe","2020-06-01 05:28:18.000","2020-07-17 12:18:36.000","656","149758"
"9320708","Hoyt_Schermerhorn","2020-06-01 08:41:14.000","2020-07-17 09:16:47.000","94","729"
"10461085","CapitolHill","2020-06-01 05:04:56.000","2020-07-17 11:24:35.000","504","38021"
"8709998","SpatialInterest","2020-06-01 06:53:10.000","2020-07-17 13:10:52.000","172","3360"
"7449637","Deer_24","2020-06-01 04:44:06.000","2020-06-01 04:44:06.000","1","1"
"10811374","Faxalven","2020-06-01 05:37:54.000","2020-07-17 12:18:50.000","672","79378"
"10142222","ZilkerPark","2020-06-01 05:43:24.000","2020-07-17 11:54:26.000","557","80800"
"9225287","Sognefjord","2020-06-03 12:39:48.000","2020-07-14 10:45:09.000","19","153"
"9535306","Ialomita","2020-06-01 06:43:14.000","2020-07-17 09:46:05.000","494","54328"
"10409631","Malioboro","2020-06-01 06:18:51.000","2020-07-17 08:31:05.000","411","16032"
"8076764","Tauntaun","2020-06-01 04:02:31.000","2020-07-17 10:35:43.000","110","31856"
"10334717","PikesPeak","2020-06-01 07:01:54.000","2020-07-17 10:34:32.000","445","46564"
"10653034","Faxafloi","2020-06-01 03:44:23.000","2020-07-17 12:48:22.000","585","46281"
"7629872","pani_rani","2020-06-03 13:02:31.000","2020-07-17 14:37:37.000","59","857"
"10210182","Kaferberg","2020-06-01 04:41:58.000","2020-07-17 12:54:22.000","392","50133"
"10653342","BerneseAlps","2020-06-01 06:01:38.000","2020-07-17 12:58:38.000","388","52425"
"10656918","Highveld","2020-06-01 08:37:11.000","2020-07-17 11:35:08.000","450","29312"
"9847933","TheDalles","2020-06-01 04:49:29.000","2020-07-17 05:22:32.000","221","57763"
"10334783","GilpinFalls","2020-06-03 11:24:31.000","2020-07-17 12:43:59.000","25","1406"
"10529357","DavisSquare","2020-06-01 04:45:03.000","2020-06-12 12:01:10.000","182","15361"
"10656882","ForbiddenCity","2020-06-01 05:53:50.000","2020-07-17 12:38:42.000","561","66328"
"10653123","Escambron","2020-06-01 03:38:23.000","2020-07-17 12:21:59.000","933","114335"
"10409536","PizBernina","2020-06-01 07:09:22.000","2020-07-17 12:08:35.000","1000","132668"
"10409692","KhyberPass","2020-06-01 04:32:22.000","2020-07-17 12:13:55.000","537","39840"
"8710016","upupdowndown","2020-06-01 12:16:19.000","2020-07-17 13:44:10.000","104","1414"
"9917909","MadMapsMax","2020-05-29 22:34:51.000","2020-07-18 00:30:38.000","29","2909"
"10019191","Guadalquivir","2020-06-03 04:53:34.000","2020-07-17 12:05:43.000","273","22197"
"9917905","MapsterBlaster","2020-05-26 19:04:06.000","2020-07-17 22:00:09.000","193","19527"
"10228240","mapatite","2020-05-26 18:29:02.000","2020-07-17 20:35:45.000","180","5171"
"10461111","YoyogiPark","2020-06-01 05:47:40.000","2020-07-17 11:49:02.000","329","39173"
"10652916","AngleTarn","2020-06-17 05:07:10.000","2020-07-17 10:07:53.000","724","92048"
"10461181","TaraRiverCanyon","2020-06-01 05:30:54.000","2020-07-17 10:58:40.000","510","66717"
"10529547","ForestPark","2020-06-03 04:37:18.000","2020-07-17 10:59:03.000","635","88378"
"9008001","GazEddyr","2020-05-26 19:32:03.000","2020-07-18 01:25:20.000","202","6892"
"9004577","KingRichardV","2020-06-01 20:30:16.000","2020-07-16 21:13:52.000","6","59"
"11465379","wanlingchua","2020-07-09 06:41:01.000","2020-07-09 07:54:29.000","6","233"
"9535055","HanaumaBay","2020-06-01 04:14:28.000","2020-07-17 11:41:57.000","1085","110766"
"9847967","RockCreekPark","2020-06-01 05:56:11.000","2020-07-17 07:58:44.000","353","26812"
"10147122","HurricaneGator","2020-05-26 18:36:23.000","2020-07-17 22:09:18.000","1588","17998"
"11465344","liangshuyi","2020-07-09 06:58:04.000","2020-07-09 08:00:02.000","6","927"
"10461141","ViaImperii99","2020-06-01 05:33:19.000","2020-07-17 07:30:24.000","562","73469"
"9320655","Tchoupitoulas","2020-06-01 07:32:09.000","2020-07-17 12:12:04.000","179","11283"
"10778889","mappylite","2020-05-26 19:02:07.000","2020-07-17 22:08:00.000","217","2983"
"10210153","ZoarValley","2020-06-01 05:11:13.000","2020-07-17 12:22:35.000","600","54068"
"10652845","Blachernae","2020-06-01 05:20:33.000","2020-07-17 09:18:02.000","55","2108"
"9535082","ArchesPark","2020-06-01 05:07:18.000","2020-07-17 06:13:45.000","459","25316"
"10811314","MatterOmaps","2020-06-01 04:53:52.000","2020-07-17 10:48:13.000","383","39061"
"8076817","sky_hi","2020-06-01 07:30:18.000","2020-07-16 04:41:44.000","44","3123"
"10368583","mapsandplants","2020-05-26 22:19:22.000","2020-07-17 19:39:05.000","61","2061"
"11392041","selvy1","2020-07-08 05:49:32.000","2020-07-08 06:54:02.000","8","833"
"9090034","Ayerawaddy","2020-06-01 06:08:13.000","2020-07-16 08:05:15.000","324","35090"
"10228239","Tzene19","2020-05-26 19:31:18.000","2020-07-18 00:12:22.000","163","15652"
"10074481","Thingvellir","2020-06-01 05:02:37.000","2020-07-17 12:12:20.000","479","44678"
"9320815","SaikatM","2020-06-01 16:33:15.000","2020-07-17 15:07:22.000","96","16160"
"10334795","SelatPandan","2020-06-01 08:36:25.000","2020-07-17 10:31:41.000","570","70826"
"10461151","Sants55","2020-06-01 06:06:11.000","2020-07-17 10:48:50.000","717","60771"
"10811097","KroonsPolders","2020-06-01 06:30:34.000","2020-07-17 08:41:12.000","397","27561"
"10461155","YarraRiver","2020-06-03 05:33:12.000","2020-07-17 13:10:32.000","484","72374"
"10461147","Vanern","2020-06-01 05:23:24.000","2020-07-17 12:01:08.000","494","70792"
"11387827","WebiShabeelle","2020-07-13 09:18:32.000","2020-07-17 12:36:12.000","22","1493"
"10334799","ElCaminoReal","2020-06-08 07:45:14.000","2020-07-17 09:43:27.000","130","11773"
"11465353","Jane_0709","2020-07-09 06:41:15.000","2020-07-09 07:52:21.000","7","352"
"9535029","Pueyrredon","2020-06-01 06:45:53.000","2020-07-17 11:58:37.000","865","83659"
"10529361","KalkBay","2020-06-01 12:20:27.000","2020-07-17 11:16:28.000","257","15438"
"10210159","ZugIsland","2020-06-01 06:03:07.000","2020-07-17 10:06:53.000","625","97733"
"10409541","PineBarrens","2020-06-01 04:41:36.000","2020-07-17 12:23:21.000","1549","89923"
"9847941","NihombashiRiver","2020-06-01 05:28:13.000","2020-07-17 11:44:53.000","659","48987"
"10210190","VaikeEmajogi","2020-06-03 05:20:03.000","2020-07-17 14:51:20.000","65","451"
"10935577","Aralqum","2020-05-26 19:23:25.000","2020-07-17 23:36:10.000","500","39813"
"10334760","RooseveltIsland","2020-06-01 06:53:04.000","2020-07-17 06:35:07.000","171","6103"
"10278841","Curecanti","2020-06-01 04:33:01.000","2020-07-17 10:12:40.000","634","25506"
"8610599","g3reader","2020-06-01 07:50:36.000","2020-07-17 13:06:30.000","78","1487"
"10074690","Epheo","2020-05-27 16:38:15.000","2020-07-17 19:58:01.000","92","2263"
"9446623","AltynEmel","2020-06-09 11:14:13.000","2020-07-09 10:36:17.000","3","10"
"11458720","Andrewchia","2020-07-08 05:49:13.000","2020-07-08 06:50:57.000","10","682"
"11399697","bkw777geo","2020-07-10 22:23:07.000","2020-07-11 01:20:55.000","30","1452"
"10461068","GunnisonBlackCanyon","2020-06-01 06:45:02.000","2020-07-17 10:23:46.000","575","54254"
"10147138","TrueWeast","2020-05-26 18:30:21.000","2020-07-18 01:10:22.000","336","12932"
"9625586","Candelaria16","2020-06-03 13:36:38.000","2020-07-17 13:35:51.000","42","521"
"10278883","NeckarwiesePark","2020-06-04 12:07:19.000","2020-07-15 12:31:44.000","3","113"
"9847831","Takadanobaba","2020-06-01 11:10:30.000","2020-07-10 11:14:40.000","125","481"
"11465360","zhuchao","2020-07-09 06:41:13.000","2020-07-09 07:53:07.000","7","801"
"10529486","LeMarais8","2020-06-01 03:43:11.000","2020-07-17 11:48:33.000","599","64412"
"10810976","PassoDelloStelvio","2020-06-03 04:50:04.000","2020-07-17 12:15:27.000","217","29452"
"10334725","Solheimajokull","2020-06-01 05:54:03.000","2020-07-17 09:46:53.000","949","56481"
"9535212","Cooroora","2020-06-01 06:35:09.000","2020-07-17 15:27:31.000","191","1760"
"11465349","Chris_Huang","2020-07-09 06:48:42.000","2020-07-09 06:48:42.000","1","5"
"10461131","WadiShab","2020-06-01 04:38:26.000","2020-07-17 12:55:28.000","834","118876"
"9625462","ArnhemLand","2020-06-01 05:06:07.000","2020-07-17 11:37:48.000","429","60052"
"10074506","AltoCariri","2020-06-01 06:24:33.000","2020-07-17 11:23:52.000","746","103213"
"9446755","Comayagua","2020-06-01 11:11:35.000","2020-07-17 13:10:27.000","155","4866"
"9847890","Escalante1","2020-06-03 04:43:51.000","2020-07-17 13:54:26.000","165","4962"
"11399638","Terrajoven","2020-06-26 22:23:09.000","2020-07-18 00:47:00.000","96","7280"
"10811229","BeechCreek","2020-06-18 08:25:48.000","2020-06-18 08:25:48.000","1","6"
"10811361","Poblenou3","2020-06-01 05:12:29.000","2020-07-17 12:13:24.000","1219","146329"
"10811209","Bornholm2","2020-06-01 04:56:04.000","2020-07-17 12:07:26.000","856","120737"
"10529559","PiedmontPark","2020-06-01 05:03:37.000","2020-07-17 11:09:15.000","268","49001"
"10368595","Msalmanq","2020-05-26 19:43:30.000","2020-07-17 23:25:21.000","845","38349"
"9461062","FarmFreshMaps","2020-05-28 22:43:46.000","2020-07-09 23:03:51.000","40","202"
"11176874","Joon Kit","2020-05-18 03:16:27.000","2020-05-18 09:06:30.000","6","590"
"11465356","thithuhuongt","2020-07-09 06:54:41.000","2020-07-09 07:57:39.000","6","397"
"10892448","GotthardPass","2020-06-01 05:19:14.000","2020-07-17 12:40:42.000","1332","61339"
"10811350","Dunajec5","2020-06-01 05:44:22.000","2020-07-17 04:24:53.000","710","44798"
"10074510","IsleOfDogs","2020-06-01 05:45:00.000","2020-07-17 11:41:51.000","618","42871"
"10811268","MacquarieIsland","2020-06-01 05:16:38.000","2020-07-17 10:36:10.000","306","30687"
"9917894","sasQuach","2020-05-26 19:37:11.000","2020-07-18 01:25:40.000","843","49640"
"10811233","JokulsaADal","2020-06-01 04:32:50.000","2020-07-17 09:45:53.000","201","97154"
"10811389","PoseidonosAvenue","2020-06-01 05:06:32.000","2020-06-01 05:06:32.000","1","2"
"11456177","xhuang","2020-07-08 05:43:08.000","2020-07-08 07:10:16.000","12","1304"
"11458821","choonhoe","2020-07-08 05:49:18.000","2020-07-08 06:53:59.000","13","227"
"10409638","LoloForest","2020-06-01 05:11:54.000","2020-07-17 11:56:40.000","718","67694"
"10529618","IsleofSkye9","2020-06-19 10:38:07.000","2020-07-17 09:57:30.000","356","42404"
"9389050","HindmarshSquare","2020-06-01 10:25:58.000","2020-07-17 11:49:43.000","224","84480"
"11399630","PerpetualHiker","2020-06-26 21:48:11.000","2020-07-17 23:25:15.000","156","19747"
"11244371","haojiang","2020-05-26 07:40:25.000","2020-05-27 03:51:08.000","5","352"
"11459133","Carrieliu","2020-07-08 05:50:54.000","2020-07-08 06:53:52.000","29","465"
"11458704","avrind","2020-07-08 05:55:27.000","2020-07-08 06:52:47.000","11","685"
"10529538","KirtishoGlacier","2020-06-01 06:10:03.000","2020-07-17 11:12:15.000","844","97007"
"8610651","easy_go","2020-06-01 05:20:26.000","2020-07-17 10:23:31.000","537","32591"
"10811184","Begamon","2020-06-01 06:54:28.000","2020-07-17 10:05:40.000","471","39389"
"10074699","Tri_Hugger","2020-05-26 18:23:45.000","2020-07-17 22:22:31.000","263","14845"
"9388974","BoKaap","2020-06-01 12:29:48.000","2020-07-17 12:06:15.000","190","3924"
"10652786","AllisonRoad","2020-06-01 05:34:24.000","2020-07-17 10:12:07.000","348","51450"
"9225210","GlacierPeak","2020-06-01 09:25:23.000","2020-07-17 10:44:40.000","356","8970"
"11187452","BerezanIsland","2020-06-03 06:55:16.000","2020-07-17 10:05:25.000","533","34922"
"11465374","renatoyao","2020-07-09 07:11:21.000","2020-07-09 08:07:54.000","6","74"
"10529573","CowlesBog","2020-06-01 05:30:18.000","2020-07-16 10:28:40.000","603","67908"
"10892555","Arafura1Sea","2020-06-01 06:01:33.000","2020-07-17 12:47:20.000","1102","71744"
"10652946","GasWorksPark","2020-06-01 04:30:27.000","2020-07-17 12:42:17.000","733","82521"
"10811157","Damaraland","2020-06-01 05:19:29.000","2020-07-17 12:23:20.000","416","61048"
"10888648","Colonsay","2020-06-16 07:25:45.000","2020-07-17 08:11:58.000","115","2255"
"10212652","TwoOceans","2020-06-01 05:02:51.000","2020-07-17 11:58:08.000","304","43113"
"10461207","Taghazout","2020-06-10 06:35:08.000","2020-06-10 06:35:08.000","1","5"
"5604097","Flurps","2020-06-11 20:45:03.000","2020-06-30 13:00:45.000","5","188"
"11244334","yankitho","2020-05-26 07:53:43.000","2020-05-26 08:22:44.000","2","158"
"11465370","wndows xplorer","2020-07-09 07:00:02.000","2020-07-09 07:36:06.000","6","718"
"11465331","danielwsd","2020-07-09 07:19:43.000","2020-07-09 07:54:11.000","3","117"
"9535182","ZumaRock","2020-06-01 05:21:28.000","2020-07-17 12:41:57.000","836","89150"
"10409550","Plekhanov","2020-06-01 06:18:34.000","2020-07-17 11:47:25.000","527","84205"
"8794053","MaillotJaune","2020-06-01 06:16:15.000","2020-07-17 12:05:17.000","289","29914"
"10653176","FallsPark","2020-06-01 03:59:25.000","2020-07-17 11:11:23.000","712","96505"
"9447061","RainbowReef","2020-06-01 05:40:54.000","2020-07-17 11:38:22.000","313","33155"
"10529468","ElPoblado","2020-06-01 06:36:20.000","2020-07-17 11:42:38.000","446","43129"
"10461125","Zinalrothorn","2020-06-01 11:37:05.000","2020-07-17 10:13:36.000","849","93438"
"10529312","Belaya01","2020-06-01 05:40:21.000","2020-07-07 10:41:43.000","565","75983"
"9389056","Simbirsk","2020-06-01 04:45:37.000","2020-07-03 08:03:33.000","6","53"
"11176658","SoubhiMahmasoni","2020-05-18 03:28:23.000","2020-05-19 08:33:15.000","7","451"
"11459041","jiakun","2020-07-08 06:11:44.000","2020-07-08 06:29:51.000","2","695"
"10074543","Kundelungu","2020-06-01 06:44:53.000","2020-07-17 11:59:35.000","895","69815"
"10810989","LacAlbert","2020-06-01 05:35:58.000","2020-07-17 12:29:14.000","372","59201"
"9090061","Nolichucky","2020-06-01 05:43:00.000","2020-07-17 11:08:00.000","585","36897"
"10529343","MtStHelens","2020-06-01 05:16:26.000","2020-07-17 10:55:04.000","423","44135"
"10409554","HobsonsBay","2020-06-01 04:42:18.000","2020-07-17 11:53:36.000","746","100380"
"9446944","MountKumotori","2020-06-01 07:23:15.000","2020-07-17 04:50:28.000","64","505"
"9389044","JemaaElFna","2020-06-01 06:28:09.000","2020-07-14 05:13:34.000","518","14200"
"7150214","IWantToBelieve","2020-05-28 16:39:22.000","2020-07-10 22:57:43.000","25","1916"
"11244373","Speck001","2020-05-26 07:19:05.000","2020-05-26 08:49:26.000","5","629"
"8710038","Kitty_Mars","2020-07-01 05:44:39.000","2020-07-01 05:44:39.000","1","3"
"9625524","ShockoeBottom","2020-06-01 06:37:18.000","2020-07-17 12:08:24.000","826","84994"
"11225856","Borninhsu1987","2020-06-10 23:03:16.000","2020-07-17 21:40:42.000","449","22395"
"11187555","Yppenplatz","2020-06-03 05:53:39.000","2020-07-17 10:35:03.000","331","71869"
"7315668","K_Run13","2020-06-12 10:27:06.000","2020-07-16 07:11:34.000","12","111"
"8167723","Cascade_Benji","2020-06-12 00:24:17.000","2020-06-19 21:09:34.000","5","726"
"11198926","vivienquek","2020-05-18 03:26:34.000","2020-05-18 03:26:34.000","1","348"
"11415259","ANJUNBAO","2020-07-09 06:41:00.000","2020-07-09 07:59:47.000","5","248"
"7775678","crazy_mathi","2020-06-01 06:26:36.000","2020-07-17 10:40:18.000","802","104803"
"10461041","SandyCreek","2020-06-01 05:17:32.000","2020-07-17 11:35:22.000","834","53981"
"10461154","YellowstonePark","2020-06-03 04:41:15.000","2020-07-17 11:12:09.000","591","35626"
"10074697","hayes9","2020-05-26 18:54:29.000","2020-07-18 00:25:45.000","511","36535"
"10529645","JebelJais","2020-06-01 04:32:15.000","2020-07-17 12:35:55.000","331","22936"
"10409696","RainierRain","2020-06-01 04:55:16.000","2020-07-17 08:19:12.000","790","70308"
"10353524","Aiviekste","2020-06-04 06:59:36.000","2020-07-17 10:14:20.000","201","14181"
"10888627","Risle","2020-06-03 04:52:31.000","2020-07-17 09:51:07.000","168","4365"
"10278872","Pennines","2020-06-01 07:32:16.000","2020-07-17 13:12:56.000","114","832"
"9320649","Taulliraju","2020-06-01 06:23:18.000","2020-07-17 09:38:10.000","127","1047"
"9446728","MtSpickard","2020-06-01 08:10:54.000","2020-07-17 12:46:09.000","48","303"
"8578194","Mr_Atlas","2020-05-27 19:47:21.000","2020-06-26 04:25:00.000","20","7862"
"11465345","GJIA","2020-07-09 06:40:58.000","2020-07-09 08:26:08.000","31","562"
"10529556","Aoraki","2020-06-01 05:27:42.000","2020-07-17 12:31:41.000","576","79281"
"10811171","Grasmere","2020-06-01 06:45:42.000","2020-07-17 10:25:27.000","1191","115912"
"10529587","BlackCanyon","2020-06-01 06:48:56.000","2020-07-17 09:07:04.000","306","26715"
"9446732","DaleOfAire","2020-06-01 04:52:53.000","2020-07-17 11:59:22.000","393","76342"
"10334826","Pilatus9","2020-06-03 04:21:27.000","2020-07-17 05:17:27.000","191","7653"
"11459250","ancyfrancis","2020-07-08 05:52:42.000","2020-07-08 06:18:44.000","3","199"
"10461172","WillametteRiver","2020-06-01 05:16:37.000","2020-07-17 11:37:40.000","343","37995"
"10653188","DeltaDelTigre","2020-06-01 05:44:21.000","2020-07-17 12:01:06.000","962","83923"
"10811005","Onikan","2020-06-01 05:08:50.000","2020-07-17 12:18:31.000","576","85831"
"10142153","BlueMountains","2020-06-01 05:19:33.000","2020-07-17 12:36:53.000","731","78448"
"10334746","MeltzerWoods","2020-06-01 05:33:33.000","2020-07-17 12:59:51.000","787","90695"
"8610585","cartorhythm","2020-06-01 05:53:59.000","2020-07-17 09:12:43.000","231","7318"
"9007988","Lars_TheViking","2020-05-26 18:59:01.000","2020-07-17 20:07:43.000","233","11091"
"8392809","eg_ggts","2020-06-01 05:51:44.000","2020-07-17 11:46:28.000","673","110136"
"8484081","yaya_B","2020-06-03 11:48:11.000","2020-07-16 12:54:26.000","89","1865"
"11399679","MaptainPhasma","2020-06-26 22:16:49.000","2020-07-17 23:43:35.000","40","3189"
"9446960","Chiricahua","2020-06-01 07:20:18.000","2020-07-17 09:59:53.000","321","40090"
"9225304","Viti_Levu","2020-06-01 10:15:07.000","2020-07-15 09:24:42.000","44","3028"
"9225296","Olotele","2020-06-01 06:28:17.000","2020-07-15 12:05:46.000","121","4855"
"7774062","LessThan3Nodes","2020-05-26 20:56:11.000","2020-06-25 21:58:49.000","14","72"
"6674899","mala16","2020-06-23 07:31:47.000","2020-06-25 08:58:04.000","5","74"
"11465339","taiyixuen","2020-07-09 06:41:02.000","2020-07-09 07:20:16.000","3","256"
"9320697","Hadramaut","2020-06-01 05:11:48.000","2020-07-16 11:27:55.000","672","78320"
"9225280","Texelrama","2020-06-01 04:50:47.000","2020-07-17 13:37:36.000","1055","90807"
"10228246","Chois545","2020-05-26 19:08:47.000","2020-07-18 00:23:07.000","636","89328"
"7725415","photogswa","2020-06-08 05:37:06.000","2020-07-17 15:21:24.000","50","831"
"10888593","Masherbrum","2020-06-01 05:04:23.000","2020-07-10 09:38:42.000","449","48286"
"10529292","AlReef01","2020-06-05 14:44:05.000","2020-06-18 05:04:12.000","4","24"
"10074578","Tongariro","2020-06-01 04:55:21.000","2020-07-17 12:35:53.000","708","100163"
"9625089","YongeDundas","2020-06-01 06:25:14.000","2020-07-17 09:31:49.000","492","56241"
"10334722","Absarokan","2020-06-01 07:01:02.000","2020-07-17 11:34:33.000","322","46808"
"10147140","HenryFjord","2020-05-26 18:19:43.000","2020-07-17 00:02:46.000","392","71552"
"11244326","boonkiat","2020-05-26 07:27:08.000","2020-05-26 08:12:20.000","5","1559"
"10751880","mohd_ahmed","2020-06-03 04:31:46.000","2020-06-03 04:31:46.000","1","109"
"10811270","LandsEnd","2020-06-01 04:51:50.000","2020-07-17 13:48:45.000","775","108304"
"10529659","DollySods","2020-06-01 05:50:13.000","2020-07-17 10:10:57.000","636","32523"
"10409558","Mendips","2020-06-01 04:39:10.000","2020-07-17 08:48:07.000","462","68224"
"9008117","saranotsarah","2020-05-26 20:02:45.000","2020-07-17 21:12:36.000","859","48572"
"11225878","SatsumasaLaMode","2020-06-05 21:15:33.000","2020-07-18 00:34:07.000","409","52812"
"8710042","rowdy_rockz","2020-06-01 10:21:57.000","2020-07-15 07:46:20.000","12","96"
"11465343","yangmannn","2020-07-09 06:40:59.000","2020-07-09 07:42:14.000","7","229"
"10334761","Pellissippie","2020-06-01 09:44:19.000","2020-07-17 04:09:16.000","224","3237"
"10210117","Prawirotaman","2020-06-01 05:39:57.000","2020-07-17 09:55:21.000","354","13796"
"10210121","DamansaraHeights","2020-06-01 05:09:13.000","2020-07-17 12:58:24.000","420","39578"
"10409507","NorthwestPassage","2020-06-01 07:11:25.000","2020-07-17 12:23:57.000","597","25597"
"10409659","Lyskamm02","2020-06-01 06:14:53.000","2020-07-17 11:16:23.000","226","10839"
"10811059","Ahaggar","2020-06-01 05:52:46.000","2020-07-17 12:03:02.000","859","128790"
"11387785","GoatIsland","2020-07-13 08:34:03.000","2020-07-15 11:11:22.000","13","678"
"10935547","RoyalFleurDeLis","2020-05-26 20:00:02.000","2020-07-16 15:46:46.000","365","17147"
"11217314","aarontan","2020-05-24 10:07:03.000","2020-05-24 10:32:10.000","5","35"
"11244357","hansonchew","2020-05-26 07:21:12.000","2020-05-26 08:48:04.000","10","610"
"10142311","Flatirons","2020-06-01 04:55:48.000","2020-07-17 11:34:15.000","1684","186412"
"10653100","Farragut","2020-06-01 05:53:03.000","2020-07-17 13:50:26.000","596","103428"
"9535270","SudtirolerPlatz","2020-06-01 05:59:03.000","2020-07-17 12:30:24.000","259","33340"
"9535200","Wachusett","2020-06-01 05:08:00.000","2020-07-17 12:40:26.000","564","57528"
"9446985","Verwall","2020-06-03 11:30:58.000","2020-07-17 11:06:15.000","182","10994"
"9575712","maps_not_naps","2020-05-26 21:48:20.000","2020-07-17 21:57:56.000","115","2130"
"10461049","Canitas09","2020-06-01 05:24:17.000","2020-07-17 11:57:59.000","388","46671"
"10892428","Dhiffushi","2020-06-01 10:54:48.000","2020-07-17 11:51:07.000","142","20833"
"10653298","DoloresPark","2020-06-01 03:41:48.000","2020-07-17 16:36:06.000","523","77733"
"9625196","HighAtlas","2020-06-01 12:22:35.000","2020-07-17 11:35:10.000","107","1020"
"8792857","Admasawi","2020-05-26 19:00:48.000","2020-07-17 22:06:55.000","259","18700"
"10334708","JohorStrait","2020-06-01 05:39:13.000","2020-07-17 11:42:17.000","455","22948"
"9202957","BigPastaDinner","2020-07-02 23:50:41.000","2020-07-15 23:46:38.000","2","71"
"9847897","KingstonPike","2020-06-03 03:55:14.000","2020-07-16 11:44:24.000","24","100"
"11244351","Djaya","2020-05-26 07:23:09.000","2020-05-26 08:26:09.000","3","163"
"9535075","JacksonWard","2020-06-01 05:25:41.000","2020-07-17 11:25:38.000","1136","118552"
"10142307","HoosierPrairie","2020-06-01 06:39:45.000","2020-07-17 08:57:11.000","243","27514"
"11459511","eyap","2020-07-08 05:49:39.000","2020-07-08 06:33:00.000","4","269"
"8559089","SBJC","2020-06-01 11:07:01.000","2020-07-17 10:35:30.000","75","2664"
"10892459","ApostleIslands","2020-06-01 05:09:55.000","2020-07-17 13:27:44.000","460","52505"
"9625188","Vauxhall8","2020-06-01 09:08:51.000","2020-07-17 08:17:49.000","182","9936"
"9461089","Bulls_eye","2020-06-01 22:12:23.000","2020-07-16 18:32:50.000","9","120"
"10353531","GilmanStreet","2020-06-01 04:41:01.000","2020-06-01 04:41:01.000","1","1"
"7725440","shymy95","2020-06-29 08:54:41.000","2020-07-09 13:14:16.000","47","856"
"9225319","Vantajokull","2020-06-01 09:51:54.000","2020-07-17 07:53:30.000","158","7089"
"8610612","SingCountry","2020-06-01 04:55:22.000","2020-07-17 11:52:22.000","339","27114"
"10935582","Footyfootfella","2020-05-26 18:34:34.000","2020-07-18 00:02:26.000","679","36478"
"10082923","CaveRock","2020-06-04 05:30:27.000","2020-07-16 12:59:25.000","17","131"
"9535104","PoudreCanyon","2020-06-08 12:44:42.000","2020-06-22 13:19:19.000","3","52"
"10278885","Weisshorn","2020-06-01 04:30:29.000","2020-07-17 12:01:35.000","761","80448"
"8793998","animalkingdom","2020-06-01 06:00:25.000","2020-07-18 12:09:25.000","345","21273"
"9535187","Baraboo1","2020-06-01 04:58:52.000","2020-07-17 12:45:44.000","755","75855"
"10888711","Aasee","2020-06-01 07:26:01.000","2020-07-17 12:25:13.000","331","38886"
"10529605","AggtelekKarstCaves","2020-06-03 05:19:31.000","2020-07-17 12:21:23.000","862","53106"
"9575699","aDSAT","2020-05-26 18:21:51.000","2020-07-17 22:58:30.000","273","12587"
"9320546","Annapurna3","2020-06-24 14:12:39.000","2020-07-17 05:52:35.000","16","97"
"6346034","Mapintosh","2020-06-04 00:29:17.000","2020-07-01 00:31:14.000","7","324"
"10461114","BeniHammad","2020-06-03 05:48:19.000","2020-07-17 12:37:02.000","442","53557"
"10892470","Coyoacan","2020-06-01 04:37:45.000","2020-07-17 12:32:30.000","604","39514"
"10409695","Keramikos","2020-06-01 05:05:26.000","2020-07-17 13:27:36.000","1007","108030"
"10228243","MaddMapper","2020-05-26 18:32:40.000","2020-07-17 22:52:27.000","439","19830"
"10653321","BesedRiver","2020-06-01 03:39:23.000","2020-07-17 13:24:09.000","1192","107702"
"9320554","OriginalNorthwood","2020-06-01 11:46:23.000","2020-07-17 13:49:26.000","46","345"
"10409812","SpanishPeaks","2020-06-04 07:45:21.000","2020-06-04 07:45:21.000","1","208"
"9447089","CayosCochinos","2020-06-05 04:41:52.000","2020-07-06 05:21:26.000","11","153"
"10653044","GrandTrunkRoad","2020-06-01 05:10:05.000","2020-07-17 10:48:11.000","533","50941"
"10074602","Casentenisi","2020-06-01 05:20:37.000","2020-07-17 12:14:53.000","832","86919"
"10278874","PortPhillipBay","2020-06-09 07:13:43.000","2020-07-17 08:52:53.000","557","57568"
"7863825","season3","2020-06-01 11:00:47.000","2020-07-17 11:53:12.000","368","35729"
"10409726","Nanticoke","2020-06-01 05:48:30.000","2020-07-17 12:17:44.000","287","14742"
"8976453","Tusculum","2020-06-01 08:40:39.000","2020-07-17 12:05:22.000","81","31650"
"8710054","gymsNmaps","2020-06-03 05:14:18.000","2020-07-17 06:41:12.000","84","1710"
"11465355","faustiner","2020-07-09 06:40:59.000","2020-07-09 07:54:10.000","9","548"
"10142306","Lackawaxen","2020-06-01 04:58:12.000","2020-07-17 11:25:30.000","807","118813"
"10811002","ParqueRodo","2020-06-01 05:19:08.000","2020-07-17 11:36:57.000","924","127954"
"10334782","MavericksBB","2020-06-01 06:43:06.000","2020-07-17 11:43:10.000","294","13386"
"9446969","HavelockIsland","2020-06-03 05:47:09.000","2020-07-17 11:25:06.000","70","497"
"10461177","Taranaki34","2020-06-01 05:12:13.000","2020-07-17 10:59:23.000","556","52235"
"10888774","Balchug","2020-06-01 04:57:15.000","2020-07-17 08:25:04.000","311","48432"
"11465348","darwisjap","2020-07-09 06:40:59.000","2020-07-09 08:00:57.000","6","682"
"11415282","Wensiiiiii","2020-07-09 06:41:03.000","2020-07-09 07:53:02.000","9","619"
"11465340","Zi Kang","2020-07-09 06:43:19.000","2020-07-09 08:00:32.000","18","105"
"10653348","DelawareBay","2020-06-01 04:33:51.000","2020-07-17 11:08:07.000","955","48901"
"10334801","Cand0Canal","2020-06-01 06:46:59.000","2020-07-17 12:03:42.000","349","75125"
"9535249","Tazewell","2020-06-01 04:24:42.000","2020-07-17 11:48:31.000","930","77737"
"10888656","CoursSaleya","2020-06-01 04:51:26.000","2020-07-17 10:00:27.000","596","73265"
"10334789","PatioBonito","2020-06-01 07:42:31.000","2020-07-17 12:46:09.000","406","22671"
"10461188","QhapacNan","2020-06-01 05:01:10.000","2020-07-17 11:51:26.000","687","62465"
"11465347","Pradeep Manohar","2020-07-09 06:40:59.000","2020-07-09 06:49:30.000","2","12"
"11465351","Jasper Tay","2020-07-09 07:00:28.000","2020-07-09 07:00:28.000","1","7"
"10811058","Osterskaer","2020-06-01 05:39:52.000","2020-07-17 11:48:40.000","443","61991"
"10653155","BalboaPark","2020-06-01 05:10:19.000","2020-07-17 12:45:31.000","702","63689"
"10019235","Pilchuck","2020-06-01 08:28:54.000","2020-07-17 11:53:26.000","418","40273"
"9625439","OregonDistrict","2020-06-03 03:39:53.000","2020-07-17 12:01:12.000","397","48637"
"8794071","tony_hny","2020-06-01 04:55:15.000","2020-07-17 11:40:25.000","720","17473"
"9320657","TierraDelFuego","2020-06-01 06:04:00.000","2020-07-17 12:05:42.000","548","45919"
"9535134","Berezina","2020-06-01 05:41:17.000","2020-07-17 10:22:18.000","376","52986"
"10892558","Djurgarden4","2020-06-01 08:11:36.000","2020-07-17 09:30:57.000","114","1683"
"8976498","Sequim","2020-06-01 09:16:38.000","2020-07-09 13:34:36.000","10","52"
"9447085","AmbergrisCaye","2020-06-01 05:45:00.000","2020-07-17 11:51:10.000","613","43964"
"10074489","Vedauwoo","2020-06-01 05:31:08.000","2020-07-17 13:28:07.000","994","60637"
"10888855","CalleNorzaragay","2020-06-01 04:57:11.000","2020-07-17 11:09:16.000","570","41575"
"10652810","SozhRiver","2020-06-01 04:44:42.000","2020-07-17 07:46:31.000","77","2002"
"11170774","CKOLKMAN","2020-05-18 03:29:07.000","2020-05-18 03:29:07.000","1","221"
"11459174","wkuan","2020-07-08 05:54:49.000","2020-07-08 06:51:24.000","6","1116"
"11459607","siyuezoe","2020-07-08 06:02:24.000","2020-07-08 06:48:17.000","7","1087"
"10811212","FrenchFrigateShoals","2020-06-01 05:50:08.000","2020-07-17 11:59:40.000","538","51628"
"10892427","AuSableChasm","2020-06-01 07:15:46.000","2020-07-17 11:59:28.000","795","71114"
"9389029","Tineretului","2020-06-01 06:49:44.000","2020-07-17 11:20:49.000","509","89870"
"10782371","Imaginashun","2020-05-26 18:11:10.000","2020-07-17 23:35:26.000","458","11768"
"10935653","Kybish","2020-05-26 19:01:38.000","2020-07-15 18:07:12.000","316","27077"
"10461102","RussellLake","2020-06-01 04:45:32.000","2020-07-17 13:43:45.000","941","120046"
"9446929","Skagit2","2020-06-03 05:23:02.000","2020-06-09 11:50:56.000","38","1221"
"11459135","yuqingtan","2020-07-08 05:42:17.000","2020-07-08 06:51:21.000","15","1293"
"9847879","Taunus1","2020-06-01 05:28:11.000","2020-07-17 10:40:26.000","619","34488"
"10409666","LavenderBay","2020-06-03 07:00:52.000","2020-07-17 10:59:25.000","393","35944"
"10652851","Chemeketa","2020-06-01 06:16:34.000","2020-07-17 09:59:55.000","425","64754"
"10653288","GreatOuse","2020-06-01 05:44:10.000","2020-07-17 12:41:24.000","428","81951"
"10529303","BayOfZekreet","2020-06-01 06:23:46.000","2020-07-17 10:26:49.000","125","4181"
"10652859","GornergratMnt","2020-06-01 05:10:27.000","2020-06-11 07:34:29.000","10","63"
"10811074","HawkeyeRun","2020-06-01 05:40:44.000","2020-07-09 12:36:56.000","492","19352"
"10811382","CominoIsland","2020-06-06 06:04:57.000","2020-06-06 06:47:36.000","6","64"
"6095754","MikeDrop","2020-05-26 18:49:17.000","2020-05-26 18:49:17.000","1","10"
"11459001","joulingtan","2020-07-08 05:21:13.000","2020-07-08 06:53:45.000","12","745"
"11458997","liangchengzh","2020-07-08 05:49:12.000","2020-07-08 06:52:57.000","4","567"
"10461215","Taklamakan3","2020-06-01 05:56:14.000","2020-07-17 11:47:58.000","691","63269"
"10461211","SchynigePlatt","2020-06-01 04:20:06.000","2020-07-17 13:08:34.000","1207","129404"
"10147121","StackofPaper","2020-05-26 18:39:08.000","2020-07-18 00:18:36.000","692","45398"
"11187534","EarlOMeath","2020-06-03 07:54:44.000","2020-07-17 11:41:25.000","409","48679"
"10210102","Juneautown","2020-06-01 06:40:18.000","2020-07-17 11:37:26.000","163","7484"
"9368502","SpaceTracer","2020-05-26 18:31:52.000","2020-07-13 20:20:57.000","148","2086"
"9090151","ElYunque","2020-06-01 06:21:11.000","2020-07-06 04:46:51.000","133","5159"
"8793994","pinky_16","2020-06-01 05:44:14.000","2020-07-17 12:09:20.000","318","24763"
"6345222","jaggededge","2020-06-01 04:00:34.000","2020-07-17 10:04:01.000","673","65855"
"9847864","Nockamixon","2020-06-01 06:46:25.000","2020-07-16 10:38:53.000","367","14480"
"10334831","Ikebukuro","2020-06-04 11:16:11.000","2020-07-17 05:31:26.000","380","37470"
"10334710","Kadikoy","2020-06-01 05:36:45.000","2020-07-17 09:04:44.000","718","27256"
"9389024","GarabogazBay","2020-06-01 06:22:54.000","2020-07-17 12:53:42.000","69","1077"
"10529596","CabinCreek01","2020-06-01 06:54:55.000","2020-07-17 10:05:44.000","374","16939"
"9461087","birdlawyer","2020-05-26 20:00:03.000","2020-07-16 15:37:29.000","38","452"
"11244353","yu7ing","2020-05-26 08:12:47.000","2020-05-26 08:44:18.000","3","573"
"9535100","Chusovaya","2020-06-01 05:29:15.000","2020-07-17 10:47:23.000","503","106428"
"10210109","Embajadores","2020-06-01 06:06:05.000","2020-07-16 13:04:11.000","917","95980"
"10529592","NatchezTrace","2020-06-01 05:25:31.000","2020-07-17 10:51:50.000","607","50048"
"8901585","Siguatepeque","2020-06-01 05:03:36.000","2020-07-17 11:05:28.000","544","54871"
"9534971","BonanzaPeak","2020-06-01 05:26:58.000","2020-07-18 13:13:03.000","829","102582"
"11225335","AquaticArmadillo","2020-05-29 22:19:35.000","2020-07-17 23:10:01.000","290","33286"
"11187658","SognsvannLake","2020-06-03 05:27:26.000","2020-07-17 09:38:58.000","152","20506"
"9625159","Grunnerloka","2020-06-01 05:16:38.000","2020-07-14 04:58:38.000","436","66925"
"10409732","GreatSandDunes","2020-06-01 10:02:08.000","2020-07-17 12:07:30.000","174","7341"
"10334764","Simonmoon","2020-06-01 07:16:00.000","2020-07-17 11:00:25.000","196","5497"
"10074538","Kittatinny","2020-06-01 06:19:03.000","2020-07-17 10:32:44.000","420","43132"
"9446966","Darwaza","2020-06-01 09:25:31.000","2020-07-17 12:27:32.000","190","7539"
"10074686","Afnui12","2020-05-26 20:15:34.000","2020-07-17 23:53:38.000","81","2562"
"9917914","Carto_Ferret","2020-05-27 16:28:59.000","2020-07-16 22:17:45.000","55","576"
"9320686","Eixample","2020-06-01 06:23:38.000","2020-07-17 10:35:45.000","399","6692"
"10074555","MtElgon","2020-06-01 04:45:08.000","2020-07-17 12:21:29.000","975","104324"
"10409718","NewCastle17","2020-06-01 05:25:10.000","2020-07-17 12:30:25.000","455","43265"
"10074707","Sunislife10","2020-05-26 22:46:16.000","2020-07-18 01:34:26.000","66","4416"
"9848091","Skogafoss","2020-06-01 05:58:49.000","2020-07-17 11:37:46.000","299","39914"
"10888730","TodiMassif","2020-06-01 07:11:47.000","2020-07-06 11:21:21.000","213","19881"
"10334806","JuraMountain","2020-06-01 10:23:54.000","2020-07-17 13:01:42.000","320","59255"
"10461158","Wynoochee","2020-06-01 05:19:13.000","2020-07-17 12:45:36.000","570","79378"
"10334775","PointeDesAlmadies","2020-06-01 05:36:20.000","2020-07-17 11:59:22.000","388","32183"
"10019199","Fernandina1","2020-06-01 04:20:48.000","2020-07-17 11:21:08.000","834","83933"
"10278852","Lysefjord","2020-06-01 12:10:28.000","2020-07-17 10:39:08.000","430","49243"
"10529376","CarrollCreekPark","2020-06-01 06:08:34.000","2020-07-17 11:26:08.000","547","43947"
"10019172","MtShuksan","2020-06-03 07:29:31.000","2020-07-17 11:34:00.000","43","277"
"11187742","TwoMedicine","2020-06-04 05:55:43.000","2020-07-17 11:27:58.000","148","25602"
"11458762","bips89","2020-07-08 05:52:53.000","2020-07-08 06:51:36.000","10","658"
"11459507","YCAOA","2020-07-08 06:12:40.000","2020-07-08 06:51:05.000","4","644"
"10652889","GlenwoodCanyon","2020-06-01 06:30:46.000","2020-07-17 12:39:26.000","972","78106"
"8329736","Superria","2020-06-01 07:50:17.000","2020-07-17 17:31:22.000","161","3600"
"10210166","Yosemitey","2020-06-01 05:51:51.000","2020-07-17 12:08:12.000","410","21181"
"10334767","Omotesando","2020-06-01 06:56:54.000","2020-07-17 07:26:18.000","339","22105"
"9446673","LakeComo","2020-06-01 05:29:20.000","2020-07-17 12:01:02.000","299","11809"
"9847917","NewDorp","2020-06-25 07:58:18.000","2020-06-25 12:34:23.000","12","343"
"10461175","WyandotteCaves","2020-06-01 05:20:20.000","2020-07-17 11:16:33.000","1148","62141"
"10811281","QuidiVidi","2020-06-01 05:59:14.000","2020-07-17 11:36:16.000","717","82858"
"10461179","Uetilberg","2020-06-01 06:44:21.000","2020-07-17 12:09:11.000","505","26870"
"10019185","KrugerPark","2020-06-01 06:28:14.000","2020-07-17 12:09:55.000","454","34654"
"10529643","Holosiivskyi","2020-06-03 04:12:21.000","2020-07-17 09:23:18.000","409","10892"
"10529639","DrakePassage","2020-06-01 05:02:22.000","2020-07-17 11:51:21.000","333","4980"
"10811285","PiazzaDellaSignoria","2020-06-01 05:50:01.000","2020-07-17 11:15:10.000","440","49144"
"11387730","AvachinskyVolcano","2020-07-13 06:37:18.000","2020-07-17 10:18:15.000","36","2497"
"10653090","BodrogRiver","2020-06-03 05:01:37.000","2020-07-17 13:08:17.000","806","77350"
"10888831","SkelligIslands","2020-06-01 07:13:44.000","2020-07-17 13:00:25.000","356","47170"
"9847962","WakatobiPark","2020-06-01 06:52:54.000","2020-07-17 11:14:12.000","238","46682"
"10278897","GrosVentre","2020-06-01 04:26:22.000","2020-07-17 13:41:43.000","883","86564"
"10074547","Virunga","2020-06-01 05:29:10.000","2020-07-17 11:48:11.000","739","86485"
"10409749","MontroseHarbor","2020-06-03 05:54:27.000","2020-07-17 12:18:08.000","118","7202"
"11399589","tealeaf6","2020-06-26 22:12:37.000","2020-07-18 00:29:40.000","202","35072"
"10353514","BeiraLake","2020-06-01 08:12:42.000","2020-07-17 09:53:02.000","367","16712"
"11399710","justin0206","2020-06-26 21:38:17.000","2020-07-17 22:47:18.000","33","1124"
"6172587","brittster","2020-05-26 18:25:11.000","2020-05-26 18:25:11.000","1","10"
"9320596","Chilliwack","2020-06-01 05:59:07.000","2020-07-17 13:13:31.000","118","741"
"10353518","AntelopeCliif","2020-06-01 07:07:11.000","2020-07-17 07:26:55.000","813","106377"
"10811305","Jalatlaco","2020-06-04 05:00:16.000","2020-07-17 08:23:24.000","353","51717"
"9090166","StormKing","2020-06-01 05:58:42.000","2020-07-16 06:47:07.000","189","3815"
"8392719","GeoidDude","2020-06-25 23:42:56.000","2020-07-13 21:27:59.000","2","53"
"8710081","ZoyaSwims","2020-07-06 04:36:45.000","2020-07-06 04:36:45.000","1","51"
"11458807","Emilyyyyyyy","2020-07-08 05:51:48.000","2020-07-08 06:52:04.000","7","981"
"11456405","CHONGZHOU","2020-07-08 06:03:10.000","2020-07-08 06:50:33.000","5","587"
"10653025","Annobon","2020-06-01 07:46:23.000","2020-07-17 12:48:57.000","453","68912"
"10653060","Condado","2020-06-01 05:44:59.000","2020-07-17 14:04:36.000","785","110459"
"10019206","Auraria","2020-06-01 05:25:37.000","2020-07-17 10:32:23.000","377","77791"
"10278855","LudaKamchiya","2020-06-10 05:13:42.000","2020-07-17 13:59:08.000","114","12399"
"10935564","ShayMaps","2020-05-26 19:18:03.000","2020-07-16 21:53:07.000","595","60145"
"10210169","MonteGeneroso","2020-06-01 04:08:31.000","2020-07-17 09:07:04.000","771","12415"
"10461200","Shickshinny","2020-06-12 19:46:26.000","2020-06-12 19:46:26.000","1","10"
"10734548","vas_avi","2020-06-03 05:01:52.000","2020-06-03 10:52:49.000","11","752"
"11419236","leejinling","2020-07-08 05:55:22.000","2020-07-08 06:38:10.000","6","325"
"11465332","Zhengyao Liu","2020-07-09 06:39:29.000","2020-07-09 07:52:27.000","4","286"
"11187605","MountStanley","2020-06-03 05:08:49.000","2020-07-17 11:57:51.000","338","59017"
"10653333","HighlandPark1","2020-06-01 12:56:20.000","2020-06-01 12:56:20.000","1","8"
"10278890","ZocaloBlanco","2020-06-01 06:35:40.000","2020-07-17 12:16:00.000","511","24377"
"10529535","LaFloresta","2020-06-01 04:11:38.000","2020-07-17 11:10:18.000","922","138651"
"10353511","Fjllsjlven","2020-06-01 05:54:28.000","2020-07-17 09:44:42.000","345","8654"
"10888633","Wudang","2020-06-15 07:46:01.000","2020-07-17 07:57:57.000","136","2297"
"10892435","Svartisen","2020-06-01 05:51:06.000","2020-07-17 12:44:41.000","370","46726"
"10142212","MountKatahdin","2020-06-01 05:01:37.000","2020-07-17 11:28:57.000","707","97500"
"10811142","HamakuaCoast","2020-06-01 06:15:26.000","2020-07-17 14:09:07.000","823","99025"
"11187628","MadRiverBank","2020-06-03 09:12:37.000","2020-07-17 04:48:02.000","296","29391"
"10811372","Itaparica6","2020-06-01 08:01:23.000","2020-07-09 11:46:16.000","213","20610"
"9847994","FanDistrict","2020-06-08 04:59:24.000","2020-07-08 14:53:11.000","46","777"
"11244323","sweeejin","2020-05-26 07:54:32.000","2020-05-26 08:58:37.000","3","651"
"11465359","Guanyu Zhang","2020-07-09 06:43:54.000","2020-07-09 08:00:28.000","5","499"
"10529383","Alcatraz05","2020-06-08 11:58:04.000","2020-07-17 10:19:33.000","550","55832"
"9446707","PenokeanRange","2020-06-01 06:52:41.000","2020-07-17 11:28:20.000","749","42846"
"10019202","Caravanserai","2020-06-01 11:16:41.000","2020-07-17 11:17:45.000","127","2739"
"10142181","LakeVouliagmeni","2020-06-01 06:02:15.000","2020-07-17 11:48:37.000","583","86101"
"10811181","GeesGwardafuy","2020-06-01 05:49:06.000","2020-07-17 11:56:42.000","850","108645"
"11244362","Zhou Yunzhi","2020-05-26 08:01:32.000","2020-05-26 08:21:15.000","2","266"
"10626005","ragi_s","2020-06-03 04:35:54.000","2020-06-03 04:35:54.000","1","356"
"10811029","AbraDelAcay","2020-06-01 04:34:35.000","2020-07-17 11:56:33.000","502","63169"
"8976504","Chinook23","2020-06-01 07:55:19.000","2020-07-17 13:53:54.000","128","2125"
"10811064","OberGabelhorm","2020-06-01 05:14:14.000","2020-07-17 12:43:07.000","768","82795"
"9389002","WesternGhats","2020-06-03 07:20:40.000","2020-07-17 13:20:36.000","161","2924"
"10461192","PontaDoOuro","2020-06-01 04:34:39.000","2020-07-17 11:12:18.000","678","73595"
"9368471","Burricane","2020-05-26 19:54:51.000","2020-07-17 23:07:13.000","200","5635"
"11100131","weiyit","2020-05-18 03:27:23.000","2020-05-18 03:27:23.000","1","192"
"10811025","Brimketill","2020-06-01 05:23:52.000","2020-07-17 12:15:46.000","1211","93481"
"9625566","Silver_Lake","2020-06-01 09:23:15.000","2020-07-17 10:43:12.000","242","27134"
"10935595","SunnyDayWise","2020-05-26 18:36:29.000","2020-07-18 00:52:11.000","357","21235"
"11187753","Zealandia2","2020-06-03 05:14:38.000","2020-07-17 11:20:16.000","560","70448"
"6849512","geo_roads","2020-05-29 00:11:47.000","2020-07-16 21:57:43.000","50","2225"
"11244319","Pun Puapipat","2020-05-26 07:18:02.000","2020-05-26 07:39:44.000","3","716"
"11244358","Linkeli","2020-05-26 07:36:19.000","2020-05-26 09:20:25.000","22","1523"
"9225359","Dogpatch","2020-06-01 09:26:44.000","2020-06-01 09:26:44.000","1","1"
"11387772","SerraDeCollserola","2020-07-13 11:17:27.000","2020-07-16 08:47:14.000","4","343"
"10278899","TrouCaiman","2020-06-01 05:42:46.000","2020-07-17 12:07:23.000","323","47419"
"10653264","EigerMt","2020-06-01 05:22:03.000","2020-07-17 14:43:33.000","499","86516"
"10461182","Plitvice22","2020-06-01 05:37:52.000","2020-07-17 12:04:55.000","932","82012"
"10074600","Josefstadt","2020-06-01 04:35:30.000","2020-07-17 12:34:12.000","558","51677"
"10278876","RasMuari","2020-06-01 05:42:13.000","2020-07-17 13:21:29.000","163","4798"
"10811202","BaieDeJacmel","2020-06-01 06:19:01.000","2020-07-17 12:50:31.000","456","41547"
"9625115","Barataria2","2020-06-01 04:55:04.000","2020-07-17 13:47:08.000","335","34928"
"9625583","Parque93","2020-06-01 07:35:07.000","2020-07-17 11:20:28.000","276","11807"
"11399689","MapPiper","2020-06-26 22:27:42.000","2020-07-17 23:58:46.000","47","4910"
"11073799","WanderlustMapper","2020-05-26 21:01:49.000","2020-07-17 21:46:59.000","190","10645"
"10278903","MonoLake","2020-06-03 05:41:43.000","2020-07-17 07:22:53.000","316","11822"
"11459562","gabriellim","2020-07-08 06:05:50.000","2020-07-08 06:35:23.000","18","133"
"11465376","FU YAO","2020-07-09 07:11:34.000","2020-07-09 07:11:34.000","1","5"
"10652956","Bluemlisalp","2020-06-01 05:53:59.000","2020-07-17 09:43:36.000","1121","243034"
"10892542","Namib44","2020-06-01 05:31:32.000","2020-07-17 12:21:05.000","899","110691"
"9625579","Transoxiana","2020-06-01 05:52:14.000","2020-07-17 04:06:28.000","539","41335"
"10353528","FishRiverCanyon","2020-06-11 13:21:47.000","2020-07-17 13:00:08.000","154","11768"
"9388988","Pannonia","2020-06-01 06:31:37.000","2020-07-17 08:39:25.000","290","40606"
"10653073","ExmouthPlateau","2020-06-01 06:02:58.000","2020-07-17 11:36:19.000","519","57758"
"8794020","BatsmanMapsman","2020-06-01 05:23:10.000","2020-07-17 11:27:04.000","294","25987"
"9535243","StraitofJuanDeFuca","2020-06-04 12:02:42.000","2020-07-14 12:27:53.000","18","240"
"9090145","MurchisonPromontory","2020-06-01 07:02:58.000","2020-07-17 10:37:32.000","446","13633"
"9090114","The_Plateau","2020-06-01 11:10:36.000","2020-07-17 12:30:34.000","449","29362"
"9625119","Vesterbro","2020-06-01 05:54:16.000","2020-07-17 10:21:21.000","941","109084"
"9090045","Cascadia1905","2020-06-01 07:51:17.000","2020-07-16 11:20:17.000","37","617"
"11387820","PekRiver","2020-07-13 11:19:14.000","2020-07-17 11:46:45.000","20","1148"
"7449661","Umas2","2020-06-01 06:41:20.000","2020-07-15 12:00:05.000","14","85"
"10461117","BayouCountryClub","2020-06-01 05:07:29.000","2020-07-17 11:29:19.000","621","80103"
"11392129","maynardchua","2020-07-08 05:47:25.000","2020-07-08 07:04:27.000","8","716"
"9389015","Khiva12","2020-06-01 06:31:23.000","2020-07-17 11:30:08.000","362","24620"
"10811354","ChukchiRange","2020-06-01 06:44:57.000","2020-07-17 11:14:15.000","359","41115"
"10461088","CarterBarr","2020-06-01 04:40:34.000","2020-07-17 12:21:58.000","858","96569"
"10409798","RoqueNublo","2020-06-01 09:19:12.000","2020-07-17 12:27:46.000","287","7821"
"11387799","PulauIndah","2020-07-13 08:17:28.000","2020-07-17 12:38:49.000","13","2153"
"10228252","Mappuccino","2020-05-26 18:40:28.000","2020-07-17 22:53:23.000","331","58141"
"7629852","kooky_toky","2020-06-01 06:33:30.000","2020-06-15 09:34:57.000","52","2973"
"11395138","danielang","2020-07-08 06:00:29.000","2020-07-08 06:53:31.000","7","476"
"10892565","Kikaijima","2020-06-01 05:22:20.000","2020-07-17 13:00:34.000","612","83818"
"11187520","BiggeseeReserve","2020-06-03 04:43:34.000","2020-07-17 11:23:36.000","142","19490"
"9625173","VillaCrespo","2020-06-01 07:20:44.000","2020-07-17 10:37:07.000","435","27339"
"9535149","AyersRock","2020-06-01 03:55:26.000","2020-07-17 11:43:16.000","922","126509"
"11435599","qinghe","2020-07-08 06:01:03.000","2020-07-08 06:28:16.000","3","112"
"10334810","Sewickley","2020-06-01 06:49:15.000","2020-07-17 13:14:28.000","429","55149"
"9388976","4thandGill","2020-06-01 10:50:49.000","2020-07-17 14:54:32.000","90","2039"
"9388972","TillamookBay","2020-06-01 05:56:28.000","2020-07-17 08:18:56.000","298","6198"
"10074580","SurryHills","2020-06-01 06:20:55.000","2020-07-17 10:56:13.000","380","43413"
"11458836","Luhua","2020-07-08 05:54:26.000","2020-07-08 07:20:02.000","9","479"
"11465364","MiusaXin","2020-07-09 06:41:13.000","2020-07-09 07:51:42.000","22","503"
"10353502","CedarSwamp","2020-06-01 07:15:53.000","2020-07-17 08:51:35.000","1097","59980"
"10278842","HawRiver","2020-06-01 05:10:34.000","2020-07-17 10:04:13.000","325","16251"
"10142297","Vesturbaer","2020-06-01 04:35:25.000","2020-07-17 10:55:08.000","744","74075"
"9446702","Mackinac","2020-06-01 05:20:21.000","2020-07-17 12:03:38.000","297","19780"
"10409702","Rimac22","2020-06-01 04:59:21.000","2020-07-17 11:39:51.000","868","87010"
"9225350","CrocusHill","2020-06-01 05:42:40.000","2020-07-17 13:42:45.000","50","321"
"11073808","TommyLanez","2020-05-26 20:05:16.000","2020-07-17 22:03:16.000","730","52253"
"10278850","Enguri","2020-06-01 09:47:18.000","2020-07-17 15:11:00.000","80","816"
"10353506","BeltWoods","2020-06-01 05:08:42.000","2020-07-17 11:13:00.000","278","20362"
"11073812","OmSweetOm","2020-05-26 22:38:36.000","2020-07-17 23:32:26.000","324","7922"
"10811176","Antiparos","2020-06-01 05:47:31.000","2020-07-17 10:51:48.000","475","31414"
"10888753","GothicBasin","2020-06-01 04:29:03.000","2020-07-17 10:58:19.000","37","483"
"11465350","teckhan","2020-07-09 06:51:38.000","2020-07-09 07:53:14.000","13","437"
"8901600","Monhegan","2020-06-01 05:02:17.000","2020-07-17 10:54:51.000","627","23177"
"10529529","FortBonifacio","2020-06-01 10:32:58.000","2020-07-17 09:50:43.000","277","27830"
"10529564","Jungfrau9","2020-06-03 08:28:06.000","2020-07-17 10:52:29.000","71","1080"
"8578202","galileo_01","2020-05-29 22:14:06.000","2020-07-10 20:32:58.000","12","2171"
"10353490","DnieperBeck","2020-06-01 09:00:56.000","2020-07-17 10:22:48.000","269","25142"
"9368493","optimusnacho","2020-05-27 14:50:59.000","2020-07-17 18:42:54.000","248","15486"
"10935570","cats_pajamas","2020-05-26 18:51:13.000","2020-07-17 22:52:54.000","580","42877"
"10782358","VectorIsBetter","2020-05-26 18:44:49.000","2020-07-17 21:10:10.000","578","15794"
"11073827","ColdWaterSeal","2020-05-26 20:22:34.000","2020-07-18 00:31:47.000","355","32985"
"11244337","Wei Huan","2020-05-26 08:48:13.000","2020-05-26 08:48:13.000","1","1007"
"11465373","CHEELEONGW","2020-07-09 06:57:15.000","2020-07-09 07:55:56.000","5","36"
"10142214","LittleSi","2020-06-01 06:36:14.000","2020-07-17 08:45:17.000","387","82381"
"10811366","EncantoPark","2020-06-01 05:17:48.000","2020-07-17 11:34:46.000","1004","111777"
"10811218","DolomiteMountainRange","2020-06-01 04:42:32.000","2020-07-17 11:32:42.000","1223","155193"
"10652964","ForsythPark","2020-06-03 07:03:43.000","2020-07-17 11:20:15.000","492","30891"
"10074456","Altaelva","2020-06-01 09:25:50.000","2020-07-17 11:15:52.000","404","38229"
"10334838","TeaHorseRoad","2020-06-01 05:04:54.000","2020-07-17 11:36:05.000","258","12006"
"11187509","KorvatunturiFell","2020-06-03 06:49:36.000","2020-07-17 10:35:36.000","194","34132"
"10409654","LostCreek44","2020-06-01 08:23:23.000","2020-07-17 12:21:39.000","564","34445"
"10892425","Ayvansaray","2020-06-01 07:58:31.000","2020-07-17 10:26:02.000","413","49185"
"9368512","beep_boop","2020-05-26 18:51:25.000","2020-07-16 14:42:06.000","96","6304"
"9202927","Araucaria_araucana","2020-05-26 20:08:29.000","2020-07-09 01:50:43.000","309","122608"
"9625474","Clapham","2020-06-29 05:49:59.000","2020-06-29 06:25:52.000","2","146"
"11459262","Laysim","2020-07-08 06:05:34.000","2020-07-08 06:50:04.000","4","439"
"10353513","EmbarcaderoPier","2020-06-01 06:10:18.000","2020-07-17 09:01:21.000","233","24383"
"10142206","Laugavegur35","2020-06-01 04:46:05.000","2020-07-17 11:52:34.000","693","84417"
"9389004","Nullarbor","2020-06-01 10:19:08.000","2020-07-17 14:00:57.000","80","701"
"9447009","GobiDesert","2020-06-01 07:29:03.000","2020-07-17 10:02:32.000","357","29697"
"10461077","CapeMayPeninsula","2020-06-01 05:05:54.000","2020-07-17 12:17:05.000","781","38607"
"10212643","Coolbaugh","2020-06-01 06:31:15.000","2020-07-17 10:25:00.000","260","24653"
"10782346","Raenbow","2020-05-26 19:01:55.000","2020-07-18 00:54:28.000","1055","41645"
"7596894","raneba_22","2020-06-04 04:49:17.000","2020-06-04 04:49:17.000","1","3"
"8484099","guzzle123","2020-06-05 04:43:24.000","2020-06-30 06:13:28.000","9","321"
"11459566","phuazhiying","2020-07-08 05:48:31.000","2020-07-08 06:52:24.000","3","315"
"11324378","jondavidy","2020-07-08 06:18:08.000","2020-07-08 06:51:47.000","5","420"
"11415291","kunpu","2020-07-09 06:41:01.000","2020-07-09 07:54:46.000","12","505"
"10409748","MillMountain","2020-06-01 06:54:46.000","2020-07-17 11:30:46.000","740","66104"
"10142187","ErzsebetTer","2020-06-01 05:55:53.000","2020-07-17 13:39:09.000","350","59811"
"10334784","OvalBeach","2020-06-01 07:17:30.000","2020-07-17 10:37:36.000","222","23508"
"10461054","CathedralPines","2020-06-01 05:54:55.000","2020-07-17 12:30:05.000","472","36879"
"8667973","LemonEarlMapper","2020-05-26 21:08:54.000","2020-07-16 14:55:03.000","71","1149"
"10811034","Ischigualasto","2020-06-01 05:28:14.000","2020-07-17 11:22:43.000","370","92293"
"10353516","Belletower","2020-06-01 05:29:33.000","2020-07-17 12:08:38.000","392","11931"
"9535235","Metaxourgeio","2020-06-01 04:36:29.000","2020-07-17 07:31:30.000","721","49706"
"8794012","popnlock","2020-06-01 05:20:27.000","2020-07-17 06:05:31.000","538","28345"
"11187446","ChisosBasin","2020-06-03 11:39:44.000","2020-07-17 10:42:17.000","167","32870"
"8710044","theplateau","2020-06-01 04:48:52.000","2020-06-10 10:18:08.000","103","9416"
"11465333","koushikchand","2020-07-09 06:49:21.000","2020-07-09 07:51:54.000","6","66"
"10529540","Harajuku","2020-06-01 06:33:17.000","2020-07-17 09:44:34.000","444","36877"
"9535231","JonesFalls","2020-06-03 06:41:20.000","2020-07-17 10:55:29.000","139","1445"
"10888767","Pantanal5","2020-06-01 04:58:07.000","2020-07-17 10:45:43.000","800","153515"
"10278829","Umdloti","2020-06-01 12:02:18.000","2020-07-17 13:15:52.000","136","3169"
"6849513","Mapperson","2020-05-29 22:44:55.000","2020-06-05 22:28:20.000","5","56"
"11459550","EHAng","2020-07-08 05:50:45.000","2020-07-08 06:54:44.000","21","228"
"11465337","Diptaragd","2020-07-09 06:41:12.000","2020-07-09 07:42:17.000","11","100"
"10653308","DelawareWaterGap","2020-06-01 05:16:44.000","2020-07-17 10:59:43.000","587","39044"
"10461171","WhitehurstFreeway","2020-06-01 05:21:06.000","2020-07-17 09:51:54.000","419","42098"
"10811160","BanjaraHills","2020-06-01 04:54:37.000","2020-07-17 11:46:17.000","563","68439"
"10811012","Karkloof","2020-06-01 05:11:04.000","2020-07-17 07:53:39.000","415","42162"
"8710057","CartoDog","2020-06-01 04:35:43.000","2020-07-17 06:58:27.000","531","47331"
"11395775","xuhong","2020-07-08 05:47:58.000","2020-07-08 06:19:19.000","5","297"
"11465342","kehan28","2020-07-09 06:41:05.000","2020-07-09 07:54:39.000","9","523"
"10461218","PlayaMaderas","2020-06-01 05:31:27.000","2020-07-17 10:19:28.000","704","63032"
"10653273","DosOjos","2020-06-01 05:06:37.000","2020-07-17 10:49:33.000","676","104547"
"10811047","Laccadive","2020-06-01 05:25:08.000","2020-07-17 12:05:10.000","823","71204"
"10892422","Alderney","2020-06-03 07:08:38.000","2020-07-17 10:36:01.000","179","1670"
"9388997","WedgewoodHouston","2020-06-01 06:13:12.000","2020-07-17 12:03:04.000","77","23860"
"9461095","yellow_car47","2020-05-28 23:49:51.000","2020-07-17 00:41:38.000","5","56"
"11458974","GibsonTeo","2020-07-08 05:43:23.000","2020-07-08 06:53:55.000","19","770"
"11396625","Yin Rou Tan","2020-07-08 05:55:18.000","2020-07-08 06:54:23.000","10","1010"
"10019220","Garonne007","2020-06-01 05:06:40.000","2020-07-17 06:20:18.000","240","2998"
"10334792","Drammenselva","2020-06-01 05:42:05.000","2020-07-17 10:38:36.000","516","45097"
"10888741","Glatten","2020-06-15 11:49:59.000","2020-07-17 08:22:15.000","98","1926"
"10278869","OronoBog","2020-06-01 06:44:49.000","2020-07-17 11:17:16.000","512","24367"
"10529631","ObRiver","2020-06-03 05:10:33.000","2020-07-17 11:50:25.000","443","9736"
"8710084","bowlingandmapping","2020-06-01 07:53:59.000","2020-07-17 10:02:51.000","106","743"
"9090236","EllsworthLand","2020-06-01 08:11:51.000","2020-07-17 12:38:06.000","31","508"
"11073792","newRaaste","2020-05-26 20:59:25.000","2020-07-16 22:19:36.000","355","13102"
"9320580","Okavango77","2020-06-01 06:01:09.000","2020-07-17 12:50:02.000","361","29151"
"10529323","MooiRiver","2020-06-01 06:24:18.000","2020-07-17 12:14:49.000","480","32717"
"11392078","yuejia","2020-07-08 05:50:12.000","2020-07-12 08:22:38.000","12","1165"
"10334776","Sugarloaf","2020-06-01 05:17:57.000","2020-07-17 12:29:30.000","417","77407"
"10334811","KazakhSteppe","2020-06-01 04:36:33.000","2020-07-17 12:10:02.000","601","69204"
"10409744","MtBaker","2020-06-01 06:55:36.000","2020-07-17 11:41:35.000","387","24474"
"9625412","Piedmont22","2020-06-01 06:36:44.000","2020-07-17 11:38:27.000","385","44669"
"9535103","DrDurance","2020-06-01 05:19:38.000","2020-07-17 07:51:58.000","520","42211"
"11225896","tufahtayiim","2020-06-05 19:32:40.000","2020-07-17 18:22:28.000","455","33968"
"10019212","Baltoro01","2020-06-01 07:05:51.000","2020-07-17 11:49:56.000","434","54281"
"10461167","Samaipata","2020-06-01 06:05:19.000","2020-07-16 04:55:38.000","212","5983"
"6674925","bolalala","2020-06-04 11:32:04.000","2020-07-17 08:59:56.000","32","383"
"10888643","Sioule","2020-06-01 06:11:27.000","2020-07-17 12:04:32.000","511","58253"
"11391906","yimingwen","2020-07-08 06:09:32.000","2020-07-18 09:06:55.000","15","4575"
"11456392","yuexinli","2020-07-08 05:50:47.000","2020-07-09 16:30:08.000","30","2826"
"9535224","LakeBled","2020-06-01 07:53:29.000","2020-07-17 10:54:44.000","518","33055"
"10652902","GoldenGatePark","2020-06-01 04:34:20.000","2020-07-17 11:54:32.000","883","83042"
"10811023","HornadCanyon","2020-06-01 05:29:00.000","2020-07-17 05:28:30.000","183","89366"
"10888604","Metuje","2020-06-01 12:03:02.000","2020-07-17 11:13:06.000","244","8172"
"10142300","CanalBelt","2020-06-01 05:43:45.000","2020-07-17 12:08:40.000","687","92720"
"10142144","Matterhorn25","2020-06-04 09:09:59.000","2020-07-10 14:51:02.000","12","217"
"6095836","feta2","2020-06-24 21:07:26.000","2020-06-24 21:07:26.000","1","10"
"10019243","TacomaNarrows","2020-06-03 04:47:18.000","2020-07-17 11:17:17.000","449","70188"
"10334803","Manayunk","2020-06-01 05:26:53.000","2020-07-17 12:44:52.000","438","45326"
"10811183","JuanDeFuca","2020-06-11 04:32:14.000","2020-07-17 11:40:04.000","492","54910"
"9625560","Maboneng","2020-06-01 11:10:19.000","2020-07-17 18:12:27.000","390","21413"
"10935589","TheTylerS","2020-05-26 19:01:46.000","2020-07-17 23:03:57.000","299","40281"
"11129582","chanmengfai","2020-07-03 06:52:24.000","2020-07-08 06:48:56.000","9","186"
"10811079","KamaoleBeach","2020-06-01 05:02:49.000","2020-07-17 12:23:03.000","935","88855"
"10652829","DnieperBasin","2020-06-01 11:50:46.000","2020-07-17 11:52:09.000","239","6438"
"9388982","DeccanPlateau","2020-06-01 04:44:40.000","2020-07-17 10:44:35.000","502","40086"
"9535085","Artibonite","2020-06-01 05:31:13.000","2020-07-17 12:16:25.000","628","62899"
"10811204","LaMariscal","2020-06-01 04:58:55.000","2020-07-17 12:32:45.000","825","70496"
"9225218","KohIBaba","2020-06-01 09:04:29.000","2020-07-17 11:31:54.000","905","10557"
"10892567","Kirkepladsen","2020-06-15 09:34:24.000","2020-07-17 10:57:05.000","498","12682"
"10529581","HikkaduwaBeach","2020-06-03 05:12:27.000","2020-07-17 08:42:33.000","503","42329"
"9461080","Brent414","2020-05-28 00:16:21.000","2020-07-16 01:38:54.000","38","131"
"11435929","Jou Ling","2020-07-03 06:53:27.000","2020-07-03 06:53:27.000","1","6"
"9847974","Vortsjarv","2020-06-01 10:14:44.000","2020-07-17 11:34:04.000","407","47809"
"8076742","jula_june","2020-06-01 09:18:52.000","2020-07-17 12:37:11.000","220","10906"
"10074594","Utsunomiya","2020-06-01 06:42:10.000","2020-07-17 12:28:54.000","237","26929"
"10409707","Zaculeu","2020-06-03 04:32:47.000","2020-07-17 10:31:49.000","1138","155298"
"8710070","tangomapper","2020-06-01 06:38:25.000","2020-07-17 13:08:17.000","723","75441"
"11387716","Santurce","2020-07-13 06:26:42.000","2020-07-17 11:07:03.000","36","4119"
"9446957","AltaiMountains","2020-06-01 06:10:21.000","2020-07-17 11:43:06.000","169","8206"
"9625535","SanJuanRidge","2020-06-01 03:46:45.000","2020-07-17 13:27:31.000","751","100638"
"10334778","RinconPoint","2020-06-03 07:08:57.000","2020-07-17 11:55:26.000","219","9289"
"10142302","TeahupoO1","2020-06-01 10:05:28.000","2020-07-17 13:36:30.000","96","2164"
"8794089","featuresfoods","2020-06-01 07:05:28.000","2020-07-17 11:17:59.000","79","1051"
"10409516","QuackLake","2020-06-01 05:25:56.000","2020-07-17 07:26:56.000","282","23422"
"8076813","Itsalex","2020-06-03 06:00:58.000","2020-07-16 12:47:35.000","28","143"
"11465367","zhoulinli","2020-07-09 07:01:32.000","2020-07-09 07:28:16.000","2","17"
"10461080","BlueGrotto","2020-06-01 04:40:51.000","2020-07-17 14:17:13.000","691","48301"
"10653010","BackBay","2020-06-01 04:36:18.000","2020-07-17 13:33:21.000","1055","82352"
"10529575","GreatBearLake","2020-06-01 11:23:12.000","2020-07-17 09:37:54.000","150","14482"
"11465368","LKZ123","2020-07-09 06:41:05.000","2020-07-09 07:50:44.000","8","717"
"10652971","ChapmansPeak","2020-06-01 06:08:05.000","2020-07-17 11:56:34.000","809","81149"
"10019250","Umkomaas","2020-06-01 05:27:16.000","2020-07-17 11:36:14.000","345","28306"
"11225817","MapNCheese7","2020-05-29 23:04:51.000","2020-07-17 23:07:55.000","381","50322"
"10653131","GallegoRise","2020-06-01 05:41:14.000","2020-07-17 14:13:41.000","393","42868"
"9389042","Huascaran1","2020-06-01 13:14:51.000","2020-07-17 11:06:25.000","83","540"
"10529584","DentsDuMidi","2020-06-01 10:26:21.000","2020-07-17 13:25:10.000","690","63415"
"9535240","PresidioHeights","2020-06-01 04:45:33.000","2020-07-17 12:33:31.000","560","54606"
"10074558","Neshaminy","2020-06-01 04:57:31.000","2020-07-17 10:09:27.000","445","39692"
"11187494","Wupatki","2020-06-03 07:31:50.000","2020-07-17 07:27:44.000","336","62944"
"3313543","everlastingnani","2020-06-01 09:23:25.000","2020-06-01 09:23:25.000","1","1"
"10669865","vem_ula","2020-06-03 04:37:56.000","2020-06-03 04:37:56.000","1","115"
"10461214","SweetWaterCreek","2020-06-01 04:48:38.000","2020-07-17 12:05:22.000","568","67520"
"10142183","CannonBeach","2020-06-01 07:01:31.000","2020-07-17 11:57:30.000","504","50420"
"9625455","FivePoints55","2020-06-01 05:23:58.000","2020-07-17 14:02:08.000","437","34568"
"9388985","LomasDelGuijarro","2020-06-01 05:33:29.000","2020-07-17 12:02:47.000","271","11298"
"11244333","Kwok Wei","2020-05-26 07:10:43.000","2020-05-27 08:29:24.000","58","296"
