,Users,Users,Changesets,Changesets,Edits,Edits,Users with > 1 day,Users with > 1 day,Changesets from users with > 1 day,Changesets from users with > 1 day,Editsfrom users with > 1 day,Editsfrom users with > 1 day,Users with >= 42 Days,Users with >= 42 Days,Changesets from users with >= 42 days,Changesets from users with >= 42 days,Edits from users with >= 42 days,Edits from users with >= 42 days
is_local,Non-Local,Local,Non-Local,Local,Non-Local,Local,Non-Local,Local,Non-Local,Local,Non-Local,Local,< 42 Days,">=42 Days
(""Active Contributors"")",< 42 Days,">=42 Days
(""Active Contributors"")",< 42 Days,">=42 Days
(""Active Contributors"")"
country,,,,,,,,,,,,,,,,,,
Afghanistan,386.0,116.0,13447.0,18539.0,2105091.0,4776650.0,365.0,52.0,13419.0,18142.0,2104525.0,4770417.0,251.0,251.0,4207.0,27779.0,690773.0,6190968.0
Albania,407.0,158.0,7159.0,2380.0,911550.0,319768.0,366.0,46.0,7063.0,2184.0,905443.0,314729.0,345.0,220.0,2149.0,7390.0,113349.0,1117969.0
Algeria,468.0,786.0,6926.0,30235.0,907017.0,1654839.0,438.0,264.0,6862.0,29121.0,904955.0,1637996.0,951.0,303.0,8414.0,28747.0,247413.0,2314443.0
American Samoa,28.0,,111.0,,14205.0,,28.0,,111.0,,14205.0,,3.0,25.0,11.0,100.0,38.0,14167.0
Andorra,159.0,13.0,645.0,23.0,48851.0,147.0,140.0,2.0,609.0,6.0,48208.0,17.0,84.0,88.0,246.0,422.0,9752.0,39246.0
Angola,529.0,270.0,7439.0,5270.0,1685272.0,949949.0,468.0,93.0,7244.0,4406.0,1653673.0,874162.0,539.0,260.0,4353.0,8356.0,623909.0,2011312.0
Anguilla,87.0,1.0,1413.0,3.0,100438.0,45.0,86.0,1.0,1412.0,3.0,100437.0,45.0,20.0,68.0,218.0,1198.0,9641.0,90842.0
Antarctica,91.0,9.0,185.0,126.0,5088.0,7551.0,79.0,6.0,172.0,122.0,4804.0,7528.0,45.0,55.0,221.0,90.0,8150.0,4489.0
Antigua and Barbuda,55.0,6.0,446.0,10.0,8035.0,85.0,55.0,1.0,446.0,3.0,8035.0,72.0,24.0,37.0,259.0,197.0,1102.0,7018.0
Argentina,913.0,1703.0,23187.0,64645.0,3181998.0,8672978.0,778.0,572.0,22937.0,61819.0,3177101.0,8608060.0,2119.0,497.0,19145.0,68687.0,1539378.0,10315598.0
Armenia,262.0,301.0,3129.0,6867.0,145842.0,2237775.0,232.0,93.0,3075.0,6333.0,139479.0,2225805.0,390.0,173.0,2697.0,7299.0,335259.0,2048358.0
Aruba,42.0,48.0,125.0,773.0,10314.0,37152.0,41.0,13.0,124.0,725.0,10313.0,37076.0,54.0,36.0,171.0,727.0,507.0,46959.0
Australia,1031.0,3455.0,20120.0,156816.0,1094446.0,16343478.0,905.0,1423.0,19840.0,149598.0,1079633.0,14442994.0,3877.0,609.0,46992.0,129944.0,5637146.0,11800778.0
Austria,3191.0,3442.0,42652.0,123986.0,2568111.0,9375042.0,2665.0,1629.0,41631.0,119318.0,2555658.0,9315254.0,5479.0,1154.0,55080.0,111558.0,1544041.0,10399112.0
Azerbaijan,474.0,320.0,13780.0,19347.0,970607.0,1052917.0,409.0,122.0,10307.0,10155.0,915839.0,983552.0,530.0,264.0,18162.0,14965.0,269533.0,1753991.0
Bahamas,97.0,20.0,536.0,1683.0,31991.0,240439.0,93.0,7.0,532.0,1596.0,31986.0,240053.0,42.0,75.0,246.0,1973.0,67103.0,205327.0
Bahrain,71.0,41.0,1390.0,1651.0,60724.0,17895.0,70.0,14.0,1389.0,1611.0,60722.0,16018.0,60.0,52.0,1681.0,1360.0,18253.0,60366.0
Bangladesh,1206.0,2040.0,16273.0,26229.0,1011278.0,2104208.0,1054.0,582.0,15745.0,18910.0,974165.0,1706967.0,2854.0,392.0,25854.0,16648.0,1870958.0,1244528.0
Barbados,302.0,260.0,3035.0,1889.0,402260.0,136412.0,255.0,50.0,2892.0,642.0,389754.0,53098.0,480.0,82.0,3152.0,1772.0,245988.0,292684.0
Belarus,787.0,1623.0,21749.0,43522.0,1486086.0,6365217.0,708.0,613.0,21620.0,40446.0,1483179.0,6325442.0,1879.0,531.0,15514.0,49757.0,550957.0,7300346.0
Belgium,2215.0,3373.0,41547.0,182235.0,2996466.0,12758356.0,1739.0,1525.0,40432.0,177429.0,2975211.0,12664402.0,4698.0,890.0,47720.0,176062.0,1908021.0,13846801.0
Belize,457.0,253.0,5909.0,5650.0,497800.0,511799.0,390.0,62.0,5666.0,4597.0,482628.0,456611.0,484.0,226.0,4218.0,7341.0,240438.0,769161.0
Benin,431.0,137.0,5823.0,5362.0,779477.0,1479885.0,387.0,42.0,5674.0,4958.0,764439.0,1460448.0,350.0,218.0,1948.0,9237.0,393315.0,1866047.0
Bermuda,36.0,5.0,119.0,44.0,9681.0,642.0,36.0,1.0,119.0,2.0,9681.0,3.0,13.0,28.0,52.0,111.0,842.0,9481.0
Bhutan,145.0,53.0,1504.0,1925.0,155510.0,338318.0,136.0,30.0,1478.0,1886.0,154533.0,337510.0,88.0,110.0,2033.0,1396.0,344893.0,148935.0
Bolivia,525.0,466.0,4850.0,15139.0,362788.0,3830979.0,500.0,142.0,4815.0,14496.0,361007.0,3798801.0,625.0,366.0,4707.0,15282.0,365704.0,3828063.0
Bonaire,25.0,16.0,75.0,111.0,5119.0,724.0,24.0,3.0,74.0,82.0,5118.0,490.0,23.0,18.0,123.0,63.0,888.0,4955.0
Bosnia and Herzegovina,429.0,238.0,13800.0,16293.0,1539019.0,4421657.0,403.0,90.0,13746.0,15970.0,1537209.0,4415366.0,390.0,277.0,3708.0,26385.0,244665.0,5716011.0
Botswana,3433.0,5429.0,32224.0,57157.0,5152348.0,5940979.0,2753.0,1518.0,30081.0,36453.0,5013768.0,4586033.0,8373.0,489.0,68221.0,21160.0,5875089.0,5218238.0
Bouvet Island,4.0,,7.0,,37.0,,4.0,,7.0,,37.0,,1.0,3.0,2.0,5.0,2.0,35.0
Brazil,1691.0,7285.0,96903.0,773366.0,6918758.0,91375587.0,1523.0,2523.0,96603.0,760364.0,6906199.0,90867180.0,7845.0,1131.0,74285.0,795984.0,14535888.0,83758457.0
British Indian Ocean Territory,10.0,,58.0,,25420.0,,10.0,,58.0,,25420.0,,3.0,7.0,4.0,54.0,244.0,25176.0
British Virgin Islands,22.0,4.0,104.0,28.0,8903.0,2954.0,22.0,3.0,104.0,27.0,8903.0,2951.0,7.0,19.0,38.0,94.0,2971.0,8886.0
Brunei Darussalam,183.0,55.0,1783.0,387.0,94463.0,12430.0,175.0,25.0,1766.0,299.0,93654.0,11225.0,83.0,155.0,681.0,1489.0,15531.0,91362.0
Bulgaria,513.0,507.0,9675.0,18208.0,702731.0,587087.0,473.0,215.0,9614.0,17586.0,701708.0,580287.0,692.0,328.0,8170.0,19713.0,342804.0,947014.0
Burkina Faso,1329.0,569.0,10930.0,5376.0,2450453.0,1101384.0,1142.0,212.0,10325.0,3577.0,2367824.0,945111.0,1546.0,352.0,9121.0,7185.0,1403271.0,2148566.0
Burundi,592.0,545.0,4537.0,18490.0,617614.0,2541868.0,510.0,228.0,4267.0,16977.0,589298.0,2411814.0,944.0,193.0,13509.0,9518.0,1155249.0,2004233.0
Cabo Verde,96.0,29.0,818.0,2741.0,17058.0,287670.0,92.0,7.0,812.0,2690.0,16743.0,277222.0,56.0,69.0,232.0,3327.0,15797.0,288931.0
Cambodia,603.0,336.0,17584.0,3207.0,1093625.0,123222.0,525.0,91.0,17170.0,2782.0,1078674.0,121539.0,601.0,338.0,4318.0,16473.0,205879.0,1010968.0
Cameroon,662.0,281.0,6175.0,21690.0,1785412.0,9115588.0,578.0,107.0,5925.0,19871.0,1774610.0,9031542.0,642.0,301.0,11678.0,16187.0,935359.0,9965641.0
Canada,2008.0,3970.0,44893.0,146043.0,6143278.0,26875161.0,1810.0,1597.0,44522.0,140000.0,6128324.0,26652064.0,4792.0,1186.0,52375.0,138561.0,10344975.0,22673464.0
Canarias,355.0,269.0,3796.0,4666.0,123984.0,736135.0,327.0,126.0,3739.0,4271.0,121634.0,729447.0,393.0,231.0,2901.0,5561.0,139073.0,721046.0
Cayman Islands,32.0,3.0,199.0,33.0,5749.0,113.0,32.0,2.0,199.0,32.0,5749.0,112.0,8.0,27.0,40.0,192.0,265.0,5597.0
Central African Republic,1297.0,1081.0,19801.0,23163.0,4834366.0,5129655.0,1018.0,439.0,18802.0,17863.0,4753778.0,4750701.0,2078.0,300.0,25212.0,17752.0,2354362.0,7609659.0
Chad,830.0,341.0,7448.0,4161.0,1558070.0,830389.0,735.0,116.0,6998.0,3126.0,1516665.0,750541.0,913.0,258.0,7002.0,4607.0,771744.0,1616715.0
Chile,634.0,1097.0,37193.0,46012.0,5039628.0,12053672.0,582.0,391.0,37068.0,44510.0,5035225.0,12011581.0,1319.0,412.0,8783.0,74422.0,784399.0,16308901.0
China,1557.0,3913.0,56423.0,153583.0,6770162.0,34467536.0,1408.0,1557.0,56202.0,148365.0,6758762.0,34284516.0,4481.0,989.0,38687.0,171319.0,3800213.0,37437485.0
Christmas Island,9.0,,15.0,,704.0,,9.0,,15.0,,704.0,,1.0,8.0,1.0,14.0,210.0,494.0
Cocos Islands,12.0,1.0,123.0,19.0,24872.0,31.0,11.0,,122.0,,24314.0,,2.0,11.0,20.0,122.0,589.0,24314.0
Colombia,2827.0,2804.0,122644.0,45681.0,7995815.0,5137371.0,2227.0,861.0,120838.0,38925.0,7881578.0,4849577.0,4945.0,686.0,31740.0,136585.0,2466751.0,10666435.0
Comoros,43.0,10.0,346.0,19.0,65695.0,168.0,43.0,,346.0,,65695.0,,17.0,36.0,33.0,332.0,460.0,65403.0
Congo,393.0,48.0,2555.0,471.0,431075.0,711525.0,334.0,16.0,2375.0,194.0,411862.0,589442.0,263.0,178.0,1531.0,1495.0,836863.0,305737.0
Congo DRC,2452.0,1260.0,32410.0,33594.0,11472079.0,10762385.0,1979.0,429.0,30504.0,28835.0,11201294.0,10341553.0,3054.0,658.0,25832.0,40172.0,4657567.0,17576897.0
Cook Islands,27.0,8.0,88.0,48.0,19941.0,3667.0,27.0,1.0,88.0,13.0,19941.0,1171.0,11.0,24.0,52.0,84.0,3848.0,19760.0
Costa Rica,342.0,333.0,4526.0,6240.0,408821.0,308325.0,317.0,107.0,4496.0,5720.0,408196.0,294736.0,461.0,214.0,3325.0,7441.0,129445.0,587701.0
Croatia,872.0,733.0,13477.0,36150.0,1922419.0,2812092.0,778.0,316.0,13320.0,34969.0,1919320.0,2774335.0,1170.0,435.0,13382.0,36245.0,1122726.0,3611785.0
Cuba,213.0,1008.0,3177.0,9795.0,325718.0,481147.0,194.0,313.0,3137.0,8738.0,325542.0,475833.0,1068.0,153.0,7537.0,5435.0,112566.0,694299.0
Curacao,66.0,69.0,663.0,929.0,38047.0,14038.0,60.0,14.0,657.0,773.0,38036.0,11706.0,85.0,50.0,442.0,1150.0,6989.0,45096.0
Cyprus,251.0,245.0,3959.0,4549.0,162272.0,424353.0,231.0,81.0,3932.0,4211.0,162108.0,419508.0,340.0,156.0,2776.0,5732.0,268277.0,318348.0
Czech Republic,1922.0,1578.0,29213.0,80982.0,3264162.0,7236002.0,1656.0,779.0,28681.0,78154.0,3250749.0,7168701.0,2699.0,801.0,32097.0,78098.0,1068414.0,9431750.0
Côte d'Ivoire,533.0,416.0,3923.0,15595.0,602825.0,1943055.0,469.0,139.0,3784.0,14195.0,583077.0,1851320.0,703.0,246.0,11622.0,7896.0,1625788.0,920092.0
Denmark,851.0,1068.0,10933.0,68557.0,626229.0,8009365.0,777.0,515.0,10806.0,67182.0,624550.0,7994812.0,1435.0,484.0,17117.0,62373.0,890591.0,7745003.0
Djibouti,269.0,12.0,5038.0,151.0,896258.0,30612.0,252.0,6.0,4855.0,125.0,888976.0,29324.0,105.0,176.0,937.0,4252.0,120133.0,806737.0
Dominica,31.0,12.0,67.0,22.0,3840.0,1147.0,29.0,2.0,65.0,6.0,3834.0,1046.0,17.0,26.0,28.0,61.0,1169.0,3818.0
Dominican Republic,174.0,175.0,2613.0,2852.0,211891.0,119106.0,163.0,48.0,2590.0,2553.0,211384.0,110311.0,234.0,115.0,1268.0,4197.0,55884.0,275113.0
Ecuador,469.0,1417.0,19065.0,16643.0,2529771.0,946000.0,426.0,445.0,18960.0,14442.0,2526972.0,904800.0,1592.0,294.0,10798.0,24910.0,471665.0,3004106.0
Egypt,669.0,498.0,35857.0,35048.0,3521912.0,6060827.0,606.0,159.0,35732.0,33206.0,3517596.0,5833359.0,750.0,417.0,7638.0,63267.0,811178.0,8771561.0
El Salvador,255.0,172.0,3909.0,2291.0,299936.0,221317.0,224.0,45.0,3867.0,1833.0,298598.0,216588.0,272.0,155.0,1478.0,4722.0,34508.0,486745.0
Equatorial Guinea,81.0,10.0,278.0,28.0,70901.0,855.0,79.0,6.0,276.0,23.0,70890.0,809.0,24.0,67.0,88.0,218.0,29172.0,42584.0
Eritrea,378.0,70.0,2720.0,716.0,573707.0,99874.0,318.0,25.0,2465.0,569.0,543617.0,84521.0,323.0,125.0,1702.0,1734.0,313539.0,360042.0
Estonia,312.0,236.0,3259.0,12434.0,139644.0,853294.0,296.0,109.0,3238.0,12096.0,139524.0,847627.0,352.0,196.0,4124.0,11569.0,135195.0,857743.0
Eswatini,178.0,9.0,3144.0,53.0,394255.0,4310.0,178.0,3.0,3144.0,16.0,394255.0,4219.0,49.0,138.0,371.0,2826.0,24610.0,373955.0
Ethiopia,599.0,496.0,7636.0,5584.0,1242168.0,1348595.0,532.0,173.0,7398.0,4644.0,1227747.0,1290273.0,817.0,278.0,5615.0,7605.0,480538.0,2110225.0
Falkland Islands,52.0,14.0,174.0,411.0,7096.0,27147.0,49.0,5.0,171.0,401.0,7083.0,26417.0,24.0,42.0,78.0,507.0,3693.0,30550.0
Faroe Islands,56.0,19.0,168.0,579.0,31837.0,501254.0,55.0,12.0,166.0,571.0,31621.0,501045.0,27.0,48.0,197.0,550.0,45602.0,487489.0
Fiji,130.0,116.0,6626.0,1499.0,378707.0,134377.0,124.0,62.0,6616.0,1302.0,378567.0,123587.0,144.0,102.0,1577.0,6548.0,138120.0,374964.0
Finland,566.0,1801.0,8408.0,96848.0,1274223.0,11253488.0,518.0,987.0,8333.0,93900.0,1270066.0,11190898.0,1952.0,415.0,35939.0,69317.0,4132521.0,8395190.0
France,4713.0,16968.0,102171.0,928205.0,5459122.0,42236324.0,3720.0,7176.0,100217.0,902926.0,5407504.0,41917030.0,19702.0,1979.0,236130.0,794246.0,5926808.0,41768638.0
French Guiana,220.0,44.0,1424.0,2115.0,97976.0,90477.0,209.0,16.0,1399.0,2068.0,96878.0,89674.0,118.0,146.0,667.0,2872.0,32403.0,156050.0
French Polynesia,76.0,80.0,410.0,490.0,25706.0,9094.0,73.0,23.0,405.0,402.0,25493.0,8474.0,98.0,58.0,581.0,319.0,10132.0,24668.0
French Southern Territories,34.0,3.0,92.0,473.0,3559.0,74371.0,32.0,2.0,89.0,472.0,3525.0,74357.0,16.0,21.0,39.0,526.0,2100.0,75830.0
Gabon,134.0,28.0,852.0,387.0,121924.0,32044.0,129.0,12.0,839.0,361.0,121223.0,31017.0,59.0,103.0,408.0,831.0,25811.0,128157.0
Gambia,211.0,73.0,2104.0,2994.0,1110364.0,929766.0,194.0,45.0,2052.0,2743.0,1106342.0,916997.0,186.0,98.0,3946.0,1152.0,1071727.0,968403.0
Georgia,546.0,391.0,6669.0,8589.0,996928.0,1511821.0,465.0,120.0,6394.0,7511.0,975386.0,1498651.0,664.0,273.0,4671.0,10587.0,1248410.0,1260339.0
Germany,5204.0,30435.0,195240.0,1435398.0,6309215.0,55496942.0,3971.0,15477.0,192704.0,1393976.0,6267556.0,55067460.0,32961.0,2678.0,487388.0,1143250.0,8936477.0,52869680.0
Ghana,878.0,434.0,9568.0,19558.0,1616456.0,1787002.0,777.0,177.0,9316.0,18707.0,1597017.0,1747231.0,982.0,330.0,10977.0,18149.0,751285.0,2652173.0
Gibraltar,57.0,7.0,230.0,8.0,10990.0,34.0,52.0,,220.0,,10803.0,,25.0,39.0,69.0,169.0,758.0,10266.0
Glorioso Islands,4.0,,5.0,,433.0,,4.0,,5.0,,433.0,,,4.0,,5.0,,433.0
Greece,899.0,1191.0,16463.0,113264.0,1184858.0,9385096.0,823.0,436.0,16350.0,111566.0,1179338.0,9362741.0,1613.0,477.0,17599.0,112128.0,1265152.0,9304802.0
Greenland,116.0,28.0,744.0,327.0,237907.0,11899.0,111.0,14.0,739.0,294.0,237826.0,11684.0,55.0,89.0,413.0,658.0,25884.0,223922.0
Grenada,82.0,32.0,229.0,154.0,20625.0,12265.0,68.0,9.0,196.0,72.0,17603.0,5740.0,84.0,30.0,315.0,68.0,26920.0,5970.0
Guadeloupe,116.0,48.0,1026.0,401.0,40245.0,43053.0,110.0,22.0,1017.0,354.0,39980.0,41938.0,75.0,89.0,504.0,923.0,8792.0,74506.0
Guam,41.0,13.0,267.0,60.0,17238.0,5145.0,41.0,6.0,267.0,50.0,17238.0,5099.0,19.0,35.0,89.0,238.0,9710.0,12673.0
Guatemala,513.0,327.0,5250.0,4050.0,415063.0,292017.0,406.0,90.0,4586.0,3354.0,391628.0,274346.0,574.0,266.0,3113.0,6187.0,129151.0,577929.0
Guernsey,40.0,13.0,233.0,135.0,3567.0,9182.0,40.0,5.0,233.0,95.0,3567.0,8909.0,27.0,26.0,302.0,66.0,10934.0,1815.0
Guinea,358.0,165.0,2780.0,6262.0,541860.0,2268595.0,342.0,96.0,2737.0,6078.0,538979.0,2255794.0,334.0,189.0,4347.0,4695.0,1554118.0,1256337.0
Guinea-Bissau,98.0,19.0,407.0,98.0,61449.0,4741.0,95.0,9.0,404.0,74.0,61440.0,3855.0,50.0,67.0,270.0,235.0,43518.0,22672.0
Guyana,705.0,847.0,6752.0,10005.0,752069.0,535251.0,606.0,256.0,6320.0,4863.0,722883.0,303248.0,1349.0,203.0,12556.0,4201.0,783827.0,503493.0
Haiti,379.0,184.0,5646.0,4433.0,640717.0,278213.0,347.0,41.0,5518.0,3478.0,628750.0,213181.0,357.0,206.0,3171.0,6908.0,236967.0,681963.0
Heard Island and McDonald Islands,9.0,,10.0,,833.0,,8.0,,9.0,,800.0,,1.0,8.0,1.0,9.0,33.0,800.0
Honduras,1032.0,618.0,13091.0,8158.0,1346873.0,575437.0,937.0,215.0,12846.0,5626.0,1331785.0,455554.0,1340.0,310.0,10394.0,10855.0,733344.0,1188966.0
Hungary,850.0,1544.0,12614.0,58974.0,1200706.0,3718538.0,745.0,728.0,12439.0,56900.0,1197998.0,3680164.0,1906.0,488.0,21437.0,50151.0,1007345.0,3911899.0
Iceland,201.0,124.0,1667.0,6248.0,81529.0,1494536.0,191.0,58.0,1653.0,6121.0,81224.0,1489694.0,212.0,113.0,1528.0,6387.0,84853.0,1491212.0
India,5619.0,22044.0,72398.0,702393.0,10848299.0,46601074.0,4242.0,6714.0,68183.0,626950.0,10489045.0,43660864.0,26303.0,1360.0,433899.0,340892.0,17751129.0,39698244.0
Indonesia,4538.0,18267.0,212153.0,602721.0,17044994.0,50588100.0,3532.0,5403.0,207144.0,521788.0,16590838.0,44843571.0,21690.0,1115.0,351745.0,463129.0,33412260.0,34220834.0
Iran,628.0,2768.0,13184.0,128007.0,982001.0,4040375.0,571.0,945.0,13093.0,122140.0,978371.0,3985561.0,2997.0,399.0,30333.0,110858.0,815227.0,4207149.0
Iraq,492.0,5752.0,10858.0,56214.0,1001979.0,1747359.0,418.0,2029.0,10679.0,50939.0,981945.0,1710690.0,5974.0,270.0,22665.0,44407.0,442116.0,2307222.0
Ireland,667.0,814.0,18057.0,59961.0,1106046.0,5458833.0,615.0,352.0,17916.0,58836.0,1102306.0,5429321.0,1054.0,427.0,11306.0,66712.0,519382.0,6045497.0
Isle of Man,80.0,23.0,227.0,598.0,16399.0,130602.0,79.0,3.0,225.0,533.0,16299.0,126962.0,42.0,61.0,156.0,669.0,6698.0,140303.0
Israel,627.0,985.0,3736.0,18370.0,132418.0,1446664.0,401.0,369.0,3405.0,17015.0,130288.0,1434985.0,1397.0,215.0,8824.0,13282.0,272731.0,1306351.0
Italy,3117.0,8140.0,42930.0,343482.0,2273450.0,25793833.0,2664.0,3898.0,42010.0,332161.0,2252958.0,25578961.0,9858.0,1399.0,116507.0,269905.0,4271218.0,23796065.0
Jamaica,2662.0,3998.0,31514.0,40259.0,5967045.0,2635003.0,2334.0,1294.0,30759.0,26771.0,5892088.0,1949907.0,6266.0,394.0,50507.0,21266.0,3784762.0,4817286.0
Japan,1329.0,3772.0,19442.0,200246.0,1909172.0,32773130.0,1216.0,1720.0,19253.0,191720.0,1884207.0,32341654.0,4512.0,589.0,61966.0,157722.0,5727570.0,28954732.0
Jersey,51.0,18.0,192.0,240.0,3832.0,17898.0,50.0,8.0,191.0,208.0,3828.0,17571.0,32.0,37.0,183.0,249.0,2798.0,18932.0
Jordan,395.0,280.0,4150.0,3628.0,221191.0,235946.0,333.0,101.0,4006.0,2769.0,215200.0,174030.0,485.0,190.0,4388.0,3390.0,263283.0,193854.0
Juan De Nova Island,8.0,,9.0,,278.0,,8.0,,9.0,,278.0,,1.0,7.0,1.0,8.0,1.0,277.0
Kazakhstan,653.0,572.0,17447.0,20137.0,1653797.0,1933017.0,609.0,211.0,17363.0,19324.0,1649556.0,1911723.0,825.0,400.0,6628.0,30956.0,548521.0,3038293.0
Kenya,2522.0,1502.0,28723.0,20849.0,5222740.0,3256607.0,2124.0,545.0,27496.0,16627.0,5078099.0,2848638.0,3342.0,682.0,25645.0,23927.0,3328218.0,5151129.0
Kiribati,22.0,2.0,78.0,10.0,7178.0,83.0,21.0,,76.0,,6986.0,,14.0,10.0,36.0,52.0,3104.0,4157.0
Kuwait,142.0,62.0,2311.0,242.0,224377.0,3865.0,134.0,14.0,2302.0,169.0,224365.0,3497.0,105.0,99.0,354.0,2199.0,8809.0,219433.0
Kyrgyzstan,931.0,294.0,6745.0,3442.0,811509.0,321315.0,769.0,91.0,6177.0,2568.0,767605.0,250002.0,999.0,226.0,5969.0,4218.0,549569.0,583255.0
Laos,1057.0,171.0,16996.0,2583.0,2646644.0,505423.0,884.0,52.0,16530.0,2366.0,2625568.0,498753.0,879.0,349.0,4139.0,15440.0,330476.0,2821591.0
Latvia,343.0,435.0,4253.0,15643.0,439979.0,1346479.0,328.0,202.0,4234.0,15174.0,439784.0,1339689.0,542.0,236.0,6976.0,12920.0,361900.0,1424558.0
Lebanon,554.0,265.0,10527.0,7249.0,1071944.0,373090.0,514.0,110.0,10450.0,6979.0,1068392.0,364124.0,501.0,318.0,3334.0,14442.0,417425.0,1027609.0
Lesotho,220.0,13.0,2729.0,1933.0,221635.0,642948.0,214.0,9.0,2720.0,1929.0,221375.0,642737.0,49.0,184.0,132.0,4530.0,7991.0,856592.0
Liberia,221.0,34.0,1475.0,1400.0,218468.0,503504.0,207.0,19.0,1301.0,1340.0,189259.0,471541.0,127.0,128.0,1875.0,1000.0,401537.0,320435.0
Libya,300.0,609.0,3909.0,26428.0,280360.0,746977.0,288.0,212.0,3895.0,25888.0,280161.0,743076.0,707.0,202.0,20005.0,10332.0,170044.0,857293.0
Liechtenstein,226.0,14.0,1781.0,58.0,74413.0,678.0,203.0,5.0,1743.0,48.0,74097.0,539.0,129.0,111.0,658.0,1181.0,34988.0,40103.0
Lithuania,394.0,413.0,4811.0,28168.0,1044147.0,3253179.0,363.0,176.0,4768.0,27595.0,1042730.0,3243896.0,561.0,246.0,16981.0,15998.0,361570.0,3935756.0
Luxembourg,545.0,219.0,7029.0,10783.0,223556.0,1633441.0,479.0,112.0,6911.0,10483.0,221008.0,1630372.0,466.0,298.0,4171.0,13641.0,77037.0,1779960.0
Madagascar,350.0,378.0,3763.0,31989.0,1266016.0,13391509.0,333.0,143.0,3735.0,31280.0,1263403.0,13314788.0,547.0,181.0,5061.0,30691.0,1435989.0,13221536.0
Malawi,1484.0,969.0,10272.0,21967.0,2767440.0,3322292.0,1269.0,380.0,9787.0,18851.0,2700514.0,2963257.0,2150.0,303.0,17482.0,14757.0,2459932.0,3629800.0
Malaysia,1077.0,1010.0,148821.0,94904.0,8564990.0,5510439.0,962.0,365.0,146507.0,92206.0,8526912.0,5418062.0,1395.0,692.0,41897.0,201828.0,1259700.0,12815729.0
Maldives,50.0,30.0,125.0,116.0,17302.0,1696.0,47.0,8.0,122.0,76.0,17196.0,1307.0,48.0,32.0,166.0,75.0,6058.0,12940.0
Mali,1808.0,680.0,29669.0,30344.0,5645935.0,4451270.0,1639.0,268.0,29219.0,28597.0,5599763.0,4343371.0,1930.0,558.0,17647.0,42366.0,2015784.0,8081421.0
Malta,116.0,64.0,656.0,1006.0,16077.0,44396.0,109.0,19.0,643.0,933.0,15826.0,43882.0,108.0,72.0,661.0,1001.0,16915.0,43558.0
Marshall Islands,23.0,2.0,98.0,5.0,10042.0,278.0,22.0,,95.0,,10034.0,,9.0,16.0,73.0,30.0,6777.0,3543.0
Martinique,101.0,20.0,724.0,250.0,53107.0,22467.0,98.0,6.0,721.0,231.0,53104.0,22334.0,41.0,80.0,290.0,684.0,22753.0,52821.0
Mauritania,600.0,77.0,3600.0,590.0,491353.0,22469.0,530.0,32.0,3365.0,480.0,477886.0,16668.0,480.0,197.0,2541.0,1649.0,211141.0,302681.0
Mauritius,91.0,56.0,574.0,850.0,33841.0,5798.0,84.0,12.0,549.0,740.0,31221.0,4295.0,88.0,59.0,1010.0,414.0,15599.0,24040.0
Mayotte,59.0,27.0,229.0,5804.0,2077.0,1128311.0,56.0,12.0,226.0,5604.0,2074.0,1093825.0,35.0,51.0,378.0,5655.0,37415.0,1092973.0
Mexico,2057.0,2478.0,172421.0,536939.0,12516556.0,27556415.0,1841.0,880.0,171557.0,532444.0,11565012.0,27428358.0,3102.0,1433.0,34439.0,674921.0,2896109.0,37176862.0
Micronesia,21.0,2.0,48.0,10.0,10747.0,91.0,21.0,,48.0,,10747.0,,4.0,19.0,12.0,46.0,635.0,10203.0
Moldova,322.0,371.0,4518.0,15073.0,294505.0,1757016.0,285.0,124.0,4466.0,14424.0,294267.0,1749216.0,465.0,228.0,3026.0,16565.0,145428.0,1906093.0
Monaco,142.0,8.0,1787.0,10.0,33512.0,94.0,133.0,,1772.0,,33422.0,,52.0,98.0,111.0,1686.0,1588.0,32018.0
Mongolia,1156.0,1004.0,13234.0,20924.0,1916130.0,3896472.0,1048.0,390.0,13007.0,18669.0,1890232.0,3724905.0,1862.0,298.0,22903.0,11255.0,4360918.0,1451684.0
Montenegro,294.0,118.0,3167.0,1232.0,336895.0,87596.0,263.0,27.0,3116.0,1101.0,335273.0,86509.0,244.0,168.0,1737.0,2662.0,74093.0,350398.0
Montserrat,16.0,,54.0,,2170.0,,16.0,,54.0,,2170.0,,1.0,15.0,3.0,51.0,18.0,2152.0
Morocco,548.0,487.0,5473.0,6103.0,370989.0,499317.0,495.0,119.0,5380.0,5343.0,369748.0,473499.0,715.0,320.0,5522.0,6054.0,201285.0,669021.0
Mozambique,743.0,201.0,10199.0,10596.0,2040467.0,1044710.0,676.0,85.0,10035.0,10178.0,2017510.0,1022004.0,546.0,398.0,4745.0,16050.0,790942.0,2294235.0
Myanmar,1165.0,946.0,28203.0,18453.0,2487746.0,2529671.0,1014.0,304.0,27675.0,16779.0,2447221.0,2484985.0,1586.0,525.0,16235.0,30421.0,2079094.0,2938323.0
Namibia,840.0,,39901.0,,1944867.0,,596.0,,39077.0,,1861664.0,,551.0,289.0,3021.0,36880.0,385980.0,1558887.0
Nauru,26.0,,86.0,,4079.0,,26.0,,86.0,,4079.0,,5.0,21.0,6.0,80.0,225.0,3854.0
Nepal,1502.0,1720.0,18362.0,48892.0,3353947.0,10018452.0,1256.0,573.0,17629.0,45088.0,3288954.0,9739972.0,2755.0,467.0,25811.0,41443.0,3747492.0,9624907.0
Netherlands,2055.0,3353.0,43378.0,175471.0,2095759.0,12022463.0,1637.0,1483.0,42559.0,170663.0,2086873.0,11946724.0,4556.0,852.0,47333.0,171516.0,1151177.0,12967045.0
New Caledonia,120.0,73.0,2178.0,1033.0,106436.0,56451.0,115.0,29.0,2159.0,974.0,106011.0,55113.0,92.0,101.0,1159.0,2052.0,57324.0,105563.0
New Zealand,487.0,742.0,36921.0,35290.0,1543881.0,3150621.0,450.0,351.0,36853.0,34142.0,1538041.0,3122142.0,928.0,301.0,10926.0,61285.0,522303.0,4172199.0
Nicaragua,441.0,273.0,4238.0,4407.0,425850.0,130752.0,405.0,91.0,4179.0,3696.0,424171.0,95047.0,505.0,209.0,3254.0,5391.0,177024.0,379578.0
Niger,932.0,618.0,7385.0,11038.0,1667638.0,1573165.0,781.0,262.0,6673.0,7690.0,1560220.0,1218371.0,1260.0,290.0,13516.0,4907.0,1957072.0,1283731.0
Nigeria,2305.0,2577.0,33385.0,60550.0,5720578.0,25309996.0,1923.0,799.0,32214.0,49510.0,5603011.0,24329991.0,4315.0,567.0,42898.0,51037.0,4778920.0,26251654.0
Niue,14.0,1.0,29.0,2.0,530.0,8.0,14.0,,29.0,,530.0,,4.0,11.0,13.0,18.0,145.0,393.0
Norfolk Island,13.0,,20.0,,1540.0,,12.0,,19.0,,1539.0,,2.0,11.0,2.0,18.0,166.0,1374.0
North Korea,337.0,20.0,6487.0,905.0,1620097.0,460616.0,326.0,13.0,6473.0,896.0,1619526.0,460219.0,113.0,244.0,616.0,6776.0,108142.0,1972571.0
North Macedonia,319.0,136.0,3989.0,6236.0,413499.0,461115.0,285.0,41.0,3918.0,5994.0,411563.0,458053.0,273.0,182.0,2516.0,7709.0,128793.0,745821.0
Northern Mariana Islands,27.0,4.0,119.0,11.0,40903.0,48.0,27.0,1.0,119.0,3.0,40903.0,11.0,7.0,24.0,15.0,115.0,357.0,40594.0
Norway,670.0,1304.0,15804.0,51554.0,1207330.0,36281941.0,620.0,634.0,15681.0,49813.0,1198445.0,36164136.0,1585.0,389.0,24968.0,42390.0,7931007.0,29558264.0
Oman,199.0,90.0,3105.0,1157.0,520344.0,39939.0,178.0,21.0,3072.0,983.0,519481.0,37461.0,158.0,131.0,683.0,3579.0,25609.0,534674.0
Pakistan,504.0,573.0,6093.0,20597.0,535399.0,1386703.0,480.0,164.0,6039.0,19817.0,534238.0,1371623.0,781.0,296.0,8980.0,17710.0,508495.0,1413607.0
Palau,29.0,,79.0,,3112.0,,29.0,,79.0,,3112.0,,10.0,19.0,34.0,45.0,834.0,2278.0
Palestinian Territory,667.0,410.0,7196.0,1776.0,593603.0,54934.0,425.0,99.0,6611.0,1292.0,581849.0,50999.0,932.0,145.0,4656.0,4316.0,114249.0,534288.0
Panama,336.0,268.0,7499.0,7908.0,810772.0,683542.0,322.0,69.0,7480.0,7421.0,810574.0,665725.0,380.0,224.0,2335.0,13072.0,199956.0,1294358.0
Papua New Guinea,279.0,55.0,6367.0,3388.0,1029363.0,822728.0,271.0,22.0,6298.0,3202.0,1023864.0,804596.0,116.0,218.0,1388.0,8367.0,203759.0,1648332.0
Paraguay,546.0,392.0,11497.0,8686.0,1441563.0,4287740.0,455.0,199.0,11315.0,8276.0,1413409.0,4089658.0,599.0,339.0,7220.0,12963.0,3694817.0,2034486.0
Peru,3587.0,5677.0,65066.0,88785.0,7980454.0,8198259.0,2925.0,1503.0,63226.0,72174.0,7851970.0,7408872.0,8522.0,742.0,60741.0,93110.0,4281543.0,11897170.0
Philippines,5312.0,8170.0,177761.0,247406.0,11130932.0,26974750.0,4423.0,2667.0,175380.0,219857.0,10953675.0,25508246.0,12505.0,977.0,138353.0,286814.0,8667476.0,29438206.0
Pitcairn,14.0,,51.0,,1428.0,,14.0,,51.0,,1428.0,,3.0,11.0,25.0,26.0,738.0,690.0
Poland,1994.0,6395.0,32860.0,349551.0,2156065.0,41558021.0,1716.0,2857.0,32277.0,340457.0,2144458.0,41416355.0,7252.0,1137.0,99760.0,282651.0,3679148.0,40034938.0
Portugal,877.0,1627.0,10259.0,52399.0,909165.0,6108642.0,785.0,673.0,10041.0,49780.0,900053.0,6017438.0,2044.0,460.0,19059.0,43599.0,1578320.0,5439487.0
Puerto Rico,129.0,126.0,653.0,2627.0,172376.0,60384.0,128.0,43.0,652.0,2376.0,172374.0,57714.0,158.0,97.0,1333.0,1947.0,27517.0,205243.0
Qatar,164.0,67.0,3754.0,421.0,194085.0,30816.0,152.0,15.0,3735.0,342.0,192861.0,30270.0,140.0,91.0,713.0,3462.0,13704.0,211197.0
Romania,935.0,1422.0,19997.0,47416.0,2056062.0,2645554.0,832.0,575.0,19817.0,45213.0,2051116.0,2587805.0,1845.0,512.0,17318.0,50095.0,774651.0,3926965.0
Russian Federation,1929.0,12351.0,91005.0,655944.0,5575670.0,75793828.0,1582.0,5136.0,81334.0,554361.0,5502578.0,73966064.0,12950.0,1330.0,305211.0,441738.0,13085703.0,68283795.0
Rwanda,813.0,159.0,9835.0,2903.0,2226018.0,350507.0,655.0,58.0,8943.0,2417.0,2156333.0,324288.0,751.0,221.0,5914.0,6824.0,651701.0,1924824.0
Réunion,172.0,124.0,1498.0,1090.0,39191.0,69557.0,163.0,42.0,1476.0,936.0,39166.0,67108.0,176.0,120.0,1285.0,1303.0,38277.0,70471.0
Saba,6.0,,8.0,,361.0,,6.0,,8.0,,361.0,,,6.0,,8.0,,361.0
Saint Barthelemy,23.0,3.0,100.0,8.0,5954.0,58.0,23.0,,100.0,,5954.0,,6.0,20.0,11.0,97.0,182.0,5830.0
Saint Eustatius,11.0,1.0,19.0,1.0,1795.0,55.0,11.0,,19.0,,1795.0,,2.0,10.0,2.0,18.0,56.0,1794.0
Saint Helena,16.0,4.0,29.0,12.0,4028.0,316.0,16.0,2.0,29.0,5.0,4028.0,295.0,7.0,13.0,19.0,22.0,412.0,3932.0
Saint Kitts and Nevis,22.0,4.0,65.0,60.0,1669.0,37383.0,22.0,1.0,65.0,50.0,1669.0,36975.0,4.0,22.0,11.0,114.0,499.0,38553.0
Saint Lucia,93.0,32.0,392.0,326.0,41078.0,25802.0,90.0,13.0,384.0,192.0,40471.0,19995.0,76.0,49.0,488.0,230.0,50700.0,16180.0
Saint Martin,86.0,3.0,412.0,6.0,23218.0,27.0,83.0,,408.0,,23133.0,,26.0,63.0,175.0,243.0,13940.0,9305.0
Saint Pierre and Miquelon,26.0,1.0,72.0,12.0,3416.0,73.0,26.0,1.0,72.0,12.0,3416.0,73.0,4.0,23.0,19.0,65.0,86.0,3403.0
Saint Vincent and the Grenadines,46.0,32.0,281.0,315.0,37823.0,94550.0,45.0,14.0,279.0,280.0,37759.0,91220.0,54.0,24.0,475.0,121.0,122843.0,9530.0
Samoa,41.0,14.0,181.0,49.0,28569.0,752.0,40.0,7.0,178.0,33.0,28566.0,545.0,29.0,26.0,91.0,139.0,3757.0,25564.0
San Marino,78.0,6.0,1354.0,30.0,152111.0,343.0,72.0,3.0,1340.0,21.0,150697.0,251.0,33.0,51.0,169.0,1215.0,4629.0,147825.0
Sao Tome and Principe,26.0,3.0,61.0,7.0,2632.0,33.0,26.0,1.0,61.0,1.0,2632.0,1.0,7.0,22.0,17.0,51.0,595.0,2070.0
Saudi Arabia,421.0,974.0,4885.0,61093.0,1759591.0,2759271.0,395.0,324.0,4841.0,60026.0,1710476.0,2737654.0,1145.0,250.0,8291.0,57687.0,1396726.0,3122136.0
Senegal,538.0,282.0,4744.0,4585.0,1902849.0,1743513.0,488.0,93.0,4663.0,4139.0,1898453.0,1657440.0,580.0,240.0,4285.0,5044.0,1306944.0,2339418.0
Serbia,764.0,1010.0,31533.0,40867.0,3303516.0,5384803.0,694.0,347.0,31386.0,39163.0,3300556.0,5367094.0,1357.0,417.0,24858.0,47542.0,2677821.0,6010498.0
Seychelles,40.0,10.0,70.0,28.0,3147.0,1868.0,38.0,4.0,68.0,21.0,3144.0,1853.0,16.0,34.0,38.0,60.0,2275.0,2740.0
Sierra Leone,326.0,116.0,2766.0,2723.0,340552.0,453718.0,301.0,41.0,2700.0,2247.0,336231.0,431973.0,282.0,160.0,2907.0,2582.0,411527.0,382743.0
Singapore,485.0,274.0,32260.0,19491.0,492833.0,493740.0,409.0,103.0,31681.0,18391.0,484822.0,485779.0,471.0,288.0,4843.0,46908.0,71272.0,915301.0
Sint Maarten,65.0,1.0,311.0,1.0,16002.0,6.0,60.0,,302.0,,15896.0,,22.0,44.0,149.0,163.0,12350.0,3658.0
Slovakia,1111.0,845.0,16816.0,41560.0,1584954.0,3325297.0,977.0,454.0,16506.0,40692.0,1581175.0,3312921.0,1425.0,531.0,14018.0,44358.0,570766.0,4339485.0
Slovenia,849.0,474.0,16643.0,25869.0,950519.0,2848350.0,725.0,249.0,16440.0,25319.0,947474.0,2838286.0,948.0,375.0,10465.0,32047.0,1035773.0,2763096.0
Solomon Islands,76.0,28.0,382.0,747.0,29858.0,198023.0,72.0,5.0,367.0,701.0,29499.0,191857.0,55.0,49.0,347.0,782.0,48553.0,179328.0
Somalia,891.0,442.0,10690.0,12152.0,3157322.0,6420771.0,777.0,193.0,10379.0,11027.0,3128199.0,6316129.0,1066.0,267.0,8587.0,14255.0,1371858.0,8206235.0
South Africa,2090.0,1103.0,114342.0,115714.0,11177606.0,9967943.0,1683.0,386.0,112821.0,113296.0,11046078.0,9802194.0,2451.0,742.0,23263.0,206793.0,1934295.0,19211254.0
South Georgia and South Sandwich Islands,16.0,2.0,28.0,20.0,1968.0,74.0,16.0,1.0,28.0,19.0,1968.0,73.0,5.0,13.0,27.0,21.0,114.0,1928.0
South Korea,462.0,1160.0,9436.0,33738.0,510977.0,3550998.0,432.0,448.0,9398.0,31613.0,510012.0,3482278.0,1261.0,361.0,16810.0,26364.0,1121460.0,2940515.0
South Sudan,782.0,221.0,9964.0,4349.0,4768820.0,1073883.0,666.0,99.0,9585.0,3602.0,4735207.0,1006680.0,755.0,248.0,6532.0,7781.0,1262448.0,4580255.0
Spain,2018.0,5026.0,29945.0,230858.0,2684257.0,24333031.0,1746.0,2173.0,29445.0,222698.0,2665907.0,24087224.0,6034.0,1010.0,71136.0,189667.0,4390539.0,22626749.0
Sri Lanka,762.0,643.0,7475.0,16329.0,731602.0,2626156.0,646.0,209.0,7269.0,14643.0,692255.0,2494019.0,1155.0,250.0,12217.0,11587.0,1239129.0,2118629.0
Sudan,846.0,263.0,8420.0,4683.0,3082127.0,539762.0,746.0,105.0,8064.0,4043.0,3029634.0,479941.0,809.0,300.0,7451.0,5652.0,1205613.0,2416276.0
Suriname,1059.0,947.0,16717.0,12355.0,1106175.0,1032798.0,928.0,246.0,16253.0,7719.0,1081619.0,850369.0,1763.0,243.0,13740.0,15332.0,750636.0,1388337.0
Svalbard,65.0,1.0,170.0,69.0,12940.0,11192.0,63.0,1.0,167.0,69.0,12937.0,11192.0,24.0,42.0,144.0,95.0,13311.0,10821.0
Sweden,853.0,2328.0,12562.0,292988.0,4528969.0,14050710.0,744.0,1124.0,12339.0,289607.0,4521659.0,13947372.0,2697.0,484.0,241960.0,63590.0,5924065.0,12655614.0
Switzerland,2912.0,3306.0,41042.0,118837.0,2157320.0,5214192.0,2310.0,1564.0,39917.0,114492.0,2139649.0,5167296.0,5173.0,1045.0,55657.0,104222.0,1216937.0,6154575.0
Syria,805.0,473.0,5757.0,4094.0,715390.0,233641.0,694.0,171.0,5494.0,3464.0,694811.0,210144.0,1068.0,210.0,6068.0,3783.0,431800.0,517231.0
Tajikistan,1035.0,249.0,10522.0,5738.0,1171827.0,446471.0,844.0,98.0,9932.0,5104.0,1113333.0,408108.0,1058.0,226.0,6524.0,9736.0,482695.0,1135603.0
Tanzania,2936.0,3050.0,33376.0,160992.0,5680619.0,35824603.0,2432.0,1462.0,31687.0,153901.0,5552346.0,35286747.0,5272.0,714.0,104230.0,90138.0,16202177.0,25303045.0
Thailand,1126.0,1702.0,21071.0,39850.0,1647383.0,3438437.0,913.0,419.0,20554.0,36941.0,1634383.0,3326278.0,2315.0,513.0,14176.0,46745.0,806917.0,4278903.0
Timor-Leste,115.0,16.0,817.0,461.0,110911.0,4299.0,110.0,6.0,800.0,331.0,109490.0,3120.0,42.0,89.0,611.0,667.0,15593.0,99617.0
Togo,650.0,402.0,4284.0,8416.0,1035320.0,1371568.0,561.0,143.0,4008.0,7375.0,992863.0,1201002.0,882.0,170.0,7641.0,5059.0,1568632.0,838256.0
Tokelau,8.0,,11.0,,1213.0,,8.0,,11.0,,1213.0,,1.0,7.0,1.0,10.0,1.0,1212.0
Tonga,24.0,3.0,45.0,360.0,2287.0,2782.0,24.0,1.0,45.0,352.0,2287.0,2774.0,6.0,21.0,13.0,392.0,52.0,5017.0
Trinidad and Tobago,252.0,149.0,2868.0,2172.0,208061.0,118331.0,228.0,66.0,2825.0,1952.0,205274.0,110944.0,309.0,92.0,1997.0,3043.0,143688.0,182704.0
Tunisia,316.0,278.0,2989.0,9768.0,179349.0,1536438.0,304.0,68.0,2966.0,9230.0,179297.0,1519645.0,361.0,233.0,2680.0,10077.0,730859.0,984928.0
Turkey,1940.0,2665.0,23580.0,104461.0,3142778.0,10378788.0,1613.0,740.0,22891.0,94545.0,3066751.0,10148955.0,3925.0,680.0,65711.0,62330.0,2218802.0,11302764.0
Turkmenistan,212.0,192.0,3123.0,2725.0,220550.0,96243.0,197.0,75.0,3093.0,2531.0,219426.0,94489.0,252.0,152.0,859.0,4989.0,30744.0,286049.0
Turks and Caicos Islands,15.0,1.0,25.0,2.0,1073.0,2.0,15.0,1.0,25.0,2.0,1073.0,2.0,1.0,15.0,2.0,25.0,2.0,1073.0
Tuvalu,16.0,,22.0,,3155.0,,15.0,,21.0,,3144.0,,3.0,13.0,3.0,19.0,103.0,3052.0
US Virgin Islands,46.0,5.0,254.0,8.0,19024.0,202.0,45.0,1.0,253.0,2.0,19018.0,5.0,15.0,36.0,32.0,230.0,4958.0,14268.0
Uganda,1823.0,2067.0,18599.0,64744.0,4813347.0,23269331.0,1544.0,600.0,17399.0,53970.0,4667845.0,21975480.0,3400.0,490.0,39272.0,44071.0,7539466.0,20543212.0
Ukraine,1578.0,4955.0,58689.0,201440.0,4242989.0,21336180.0,1350.0,1914.0,58233.0,194680.0,4224533.0,21202445.0,5643.0,890.0,53914.0,206215.0,3378512.0,22200657.0
United Arab Emirates,357.0,330.0,8392.0,8600.0,701194.0,233240.0,316.0,78.0,8332.0,8173.0,699947.0,229240.0,480.0,207.0,2410.0,14582.0,104024.0,830410.0
United Kingdom,2291.0,9972.0,80064.0,620817.0,3315846.0,32470054.0,1959.0,4538.0,79416.0,606647.0,3301151.0,32158603.0,10927.0,1336.0,135858.0,565023.0,6725016.0,29060884.0
United States,4424.0,25985.0,115401.0,4104236.0,11208750.0,224471637.0,3592.0,10310.0,113298.0,4054759.0,11077428.0,221869114.0,27765.0,2644.0,372497.0,3847140.0,48337198.0,187343189.0
United States Minor Outlying Islands,28.0,1.0,68.0,1.0,5401.0,47.0,27.0,,64.0,,4863.0,,6.0,23.0,10.0,59.0,769.0,4679.0
Uruguay,288.0,143.0,12555.0,1640.0,576074.0,118718.0,264.0,45.0,12521.0,1450.0,575569.0,114986.0,237.0,194.0,1397.0,12798.0,52508.0,642284.0
Uzbekistan,850.0,1009.0,15287.0,16615.0,1285341.0,1494774.0,748.0,304.0,15059.0,14950.0,1262599.0,1384068.0,1596.0,263.0,9052.0,22850.0,716583.0,2063532.0
Vanuatu,83.0,35.0,456.0,822.0,43635.0,88729.0,74.0,11.0,422.0,725.0,41400.0,84542.0,69.0,49.0,299.0,979.0,23703.0,108661.0
Vatican City,372.0,30.0,4461.0,87.0,102993.0,678.0,294.0,4.0,4295.0,46.0,102069.0,152.0,233.0,169.0,1613.0,2935.0,29839.0,73832.0
Venezuela,1553.0,608.0,45399.0,15307.0,3804131.0,1369491.0,1197.0,203.0,44413.0,13639.0,3741932.0,1286758.0,1738.0,423.0,10791.0,49915.0,865037.0,4308585.0
Vietnam,1833.0,1976.0,96442.0,292681.0,11723454.0,21559449.0,1615.0,754.0,95783.0,287173.0,11666182.0,21350557.0,3191.0,618.0,75228.0,313895.0,2401080.0,30881823.0
Wallis and Futuna,14.0,1.0,30.0,4.0,6316.0,5.0,14.0,,30.0,,6316.0,,1.0,14.0,4.0,30.0,5.0,6316.0
Yemen,1000.0,724.0,9471.0,7919.0,1227378.0,592599.0,879.0,247.0,9198.0,6591.0,1196703.0,504611.0,1459.0,265.0,9644.0,7746.0,962815.0,857162.0
Zambia,708.0,2420.0,8165.0,30856.0,1781154.0,8682175.0,623.0,416.0,7981.0,19266.0,1763968.0,8219646.0,2846.0,282.0,22880.0,16141.0,2613219.0,7850110.0
Zimbabwe,908.0,312.0,7131.0,3523.0,949885.0,840198.0,606.0,78.0,5873.0,2724.0,817240.0,793204.0,1007.0,213.0,4891.0,5763.0,603233.0,1186850.0
